제목,내용,기사 URL,단어 5가지
"[줌인] 뉴진스 다니엘, ‘인어공주’ 목소리 연기에 쏟아지는 비난..왜?","그룹 뉴진스 멤버 다니엘이 '인어공주' 에리얼 한국어 더빙을 맡는 것을 놓고 영화 공개 전부터 다양한 말들이 쏟아지고 있다. 사진=월트디즈니컴퍼니 코리아, IS포토그룹 뉴진스 멤버 다니엘이 디즈니 라이브 액션 영화 ‘인어공주’ 주인공 에리얼 한국어 더빙을 맡는다. 다니엘로선 첫 더빙 도전이지만, 벌써부터 ‘인어공주’를 둘러싼 논란에 한 획을 더하고 있어 안타까움을 자아낸다.3일 영화계에 따르면 다니엘은 이달 중순께 개봉하는 영화 ‘인어공주’(감독 롭 마샬)의 주인공 에리얼 한국어 더빙을 맡아 처음으로 더빙 연기에 도전한다. ‘인어공주’는 늘 바다 너머의 세상을 꿈꾸던 모험심 가득한 인어공주 에리얼(할리 베일리 분)이 조난당한 에릭 왕자(조나 하우어 킹)를 구해주며 자신의 마음의 소리를 따라 금지된 인간 세상으로 나아가는 모험을 그린 영화. 1989년 제작돼 세계적인 화제를 모은 동명 애니메이션을 실사 뮤지컬 영화로 만들었다.앞서 월트디즈니컴퍼니 코리아는 ‘인어공주’ 한국어 더빙으로, 배우 정영주가 바다를 지배하려는 바다 마녀 울슐라 역을, 정상훈이 왕실 오케스트라 지휘자인 바닷가재 세바스찬 역을 맡는다고 밝혔다. 다만 주인공 에리얼 역 캐스팅은 실루엣만 공개하며 물음표 속 인물을 맞히는 이벤트를 공지했다. 또한 유출된 영상에서 에리얼 목소리를 연기한 한국 아티스트의 대사와 그가 에리얼 테마곡 ‘파트 오브 유어 월드’(Part of Your World)를 부른 모습 일부가 공개돼 궁금증을 유발시켰다.취재 결과 다니엘은 한국의 에리얼을 맡아달라는 디즈니의 요청을 받고 고심 끝에 수락, 첫 연기 도전에 나섰다는 후문이다. 디즈니는 다니엘이 한국과 호주 이중국적자로 한국어와 영어에 능통한데다, 어릴 적부터 다양한 방송 활동과 노래 실력까지 겸비하고 있고 뉴진스로 1020세대에 높은 인기를 얻고 있어서, 에리얼 한국어 더빙에 적역이라고 판단한 것으로 전해졌다.하지만 아직 다니엘이 에리얼을 맡았다는 사실을 공표하기 전부터, 의외의 역풍이 불고 있다. 정영주는 ‘맘마마아’ ‘오페라의 유령’ 등 뮤지컬에서 일찍이 뛰어난 가창력과 연기력을 인정받았던 데다 정상훈도 영화와 드라마, 뮤지컬 등에서 쌓아온 실력으로 충분히 더빙을 맡을 만하다는 평을 받고 있는 반면, 다니엘에 대해선 벌써부터 우려의 목소리가 나오고 있는 것. 아직 다니엘이 목소리 연기를 한 일부 영상을 보고 한국어 발음과 노래 실력 등에 의구심을 드러내는 여론이 여러 커뮤니티를 통해 확산하고 있다.이는 애니메이션 더빙을 유명 연예인보다 전문 성우에게 맡겨야 한다는 원론적인 주장에 ‘인어공주’ 기획부터 쏟아지는 비난들이 더해진 것 때문으로 보인다. 한국에선 유명 연예인들이 애니메이션 더빙을 하는 데 대해 일부 관객들의 거부감이 유독 크다. 실제로 일본 애니메이션 ‘너의 이름은.’은 2017년 개봉 당시 한국어 더빙을 배우 지창욱, 김소현, 이레 등이 맡았지만 애니 팬들의 혹독한 비난에 시달렸다. 이에 ‘너의 이름은.’ 수입사 미디어캐슬은 ‘스즈메의 문단속’ 흥행에 힘입어 ‘너의 이름은.’ 한국어 더빙을 오는 5월 전문 성우에 맡겨 다시 개봉하기로 했다.그랬던 터라 ‘인어공주’도 다니엘이 에리얼 역을 맡는 것에 대해, 아직 공개도 되기 전에 거부감을 드러내는 사람들이 많은 것이다.여기에 ‘인어공주’가 추구하는 PC(Political Correctness·정치적 올바름)에 대한 일부 대중의 반감도 더해져 더욱 논란이 부추겨 지고 있다. ‘인어공주’는 에리얼을 백인으로 묘사했던 원작 애니메이션과 달리 흑인인 할리 베일리가 인어공주를 맡는 것에 대해 기획부터 북미에서 논란이 뜨거웠다. 성, 인종, 종교 등을 이유로 약자와 소수자가 차별받아선 안된다는 PC가 지나칠 정도로 창작의 자유를 제한하고 있으며 심지어 역차별을 하고 있다는 반감까지 일었던 것.할리우드 메이저 스튜디오 중 특히 디즈니가 작품들에서 PC 추구를 방향점으로 내세우고 있는데다 ‘인어공주’는 그런 점에서 상징적인 작품이다보니 새로운 소식이 전해질 때마다 작은 아쉬움과 실수마저 논란으로 부채질되는 경향이 있다. 이는 한국에서도 마찬가지.지난달 28일 디즈니+에서 공개된 ‘피터팬 & 웬디’에서 팅커벨 역을 흑인 배우가 맡은 것과 넷플릭스에서 10일 공개되는 ‘퀸 클레오파트라’에서 클레오파트라 역을 흑인 배우가 맡은 것, 공교롭게도 ‘인어공주’ 개봉까지 비슷한 시점에 맞춰지면서 PC논란은 더욱 거세지고 있다.아직 공개되지도 않은 다니엘의 에리얼 목소리 더빙 연기에 대한 논란은, 이런 ‘인어공주’에 대한 반감 흐름이 더해지면서 부채질된 경향이 없지 않다.익명을 요구한 한 관계자는 “’인어공주’에 대한 거부감이라기 보다는 PC가 싫고, PC가 추구하는 바를 억울하게 여기는 사람들의 반발이 반영되고 있는 것 같다”면서 “작품을 보고 온당한 평가가 이뤄졌으면 좋겠다”고 토로했다.넷플릭스 시리즈 ‘브리저튼’이 공개되기 전, PC에 반대하는 사람들은 영국 여왕을 흑인 배우가 연기한 것에 거세게 반발했다. ‘브리저튼’이 공개된 뒤 빼어난 재미와 완성도로 넷플릭스 최고 인기작으로 떠오르자 그런 반발은 쏙 들어갔다.‘인어공주’도 그런 전철을 밟을 수 있을지, 다니엘의 목소리 연기는 어떨지, 5월 극장가의 흥미로운 관전 포인트가 될 전망이다.전형화 기자 brofire@edaily.co.kr",https://isplus.com/article/view/isp202305030069,"인어공주,에리얼,더빙,다니엘,한국어"
"뉴진스 '하이프 보이', 스포티파이 3억 스트리밍 돌파","'디토', 日 오리콘 주간 스트리밍 1억회 달성…해외 여가수 최단 기록뉴진스 '하이프 보이' [어도어 제공. 재판매 및 DB 금지](서울=연합뉴스) 임지우 기자 = 그룹 뉴진스의 '하이프 보이'(Hype boy)가 세계 최대 음원 플랫폼 스포티파이에서 누적 재생 수 3억회를 돌파했다.기획사 어도어는 뉴진스의 데뷔곡 '하이프 보이'가 지난 1일(미국 현지 시간) 기준 3억10만390회 재생됐다고 3일 밝혔다.이는 '디토', 'OMG'에 이어 뉴진스의 세 번째 3억 스트리밍 곡이다.광고이날 발표된 일본 오리콘 주간 스트리밍 차트에서는 뉴진스의 '디토'가 누적 재생 수 1억회를 달성했다.이는 지난해 12월 곡이 공개된 지 19주 만으로, 해외 여성 아티스트 곡 중 최단 기간이다.뉴진스는 8월 일본 최대 규모 음악 축제인 '서머 소닉 2023'에도 출연할 예정이다.제보는 카카오톡 okjebo <저작권자(c) 연합뉴스, 무단 전재-재배포 금지>",https://www.yna.co.kr/view/AKR20230503076900005?input=1195m,"뉴진스,디토,스트리밍,이프,보이"
뉴진스 다니엘 '인어공주' 더빙 소식에…기대반 우려반,"인어공주 더빙 뉴진스 다니엘로 유추""기대"" vs ""우려"" 네티즌 의견 갈려…걸그룹 뉴진스의 멤버 다니엘이 영화 '인어공주' 한국판에서 주인공 '에리얼' 역의 더빙을 맡는다는 소식이 전해져 화제다.지난 2일 디즈니코리아 사회관계망서비스(SNS)에는 실루엣과 함께 한국의 '에리얼' 더빙을 맡은 사람이 누군지 유추해달라는 이벤트 글이 게시됐다. 곧 네티즌들 사이에서는 해당 실루엣의 주인공이 뉴진스의 다니엘이라는 추측이 일었고 이에 다양한 반응이 나타났다.다니엘의 더빙 참여를 긍정적으로 보는 이들도 있었다. 다니엘이 인어공주의 느낌을 잘 살릴 수 있는 음색을 가졌기 때문에 노래하는 장면이 기대된다는 것이다.또 더빙판의 경우 자막판과 비교해 아동 관객이 많은데, 뉴진스가 어린 아이들 사이에서도 큰 인기를 끌고 있기 때문에 영화 흥행에도 도움이 될 것이라는 반응도 있었다.반면 티켓파워만을 위해 아이돌을 섭외한 것이 아니냐는 비판의 목소리도 나오고 있다. 더빙에는 많은 연습과 훈련이 필요한데 성우 경험이 전무한 아이돌이 더빙하는 것이 우려된다는 것이다.영화 '겨울왕국'처럼 연기 장면에는 성우를 캐스팅하고 다니엘은 OST에만 참여했더라면 더 좋았을 것이라는 의견도 있었다.앞서 영화 '너의 이름은' 더빙판 개봉 당시에도 비슷한 논란이 나타난 바 있다. 영화 수입사 측에서 성우들이 참여하는 대규모 오디션을 열 것이라고 예고했지만 오디션은 하지 않고 주인공 역에 유명 배우들을 캐스팅해 문제가 된 것이다.당시 성우들도 ""성우는 결코 쉬운 분야가 아니다""라며 비판의 목소리를 내 논란이 커지며 영화는 관객몰이에 실패했다.반면 비성우 더빙임에도 흥행한 작품들도 있다. 코미디언이자 배우인 정준하가 맡은 '주먹왕 랄프'의 '랄프' 역 더빙은 대중들로부터 많은 호평을 얻었다.한편 디즈니 실사 영화 '인어공주'는 오는 26일 국내 개봉 예정이다.한지수 인턴기자 hjs17450@asiae.co.kr",https://view.asiae.co.kr/article/2023050310504679667,"더빙,영화,다니엘,성우,인어공주"
"‘뉴진스 프로듀서’ 250, 7월 단독공연... 세종문화회관에 흐르는 뽕짝",,https://www.chosun.com/culture-life/culture_general/2023/05/03/FSOS56IMBZGG7HBHETT77DXLUM/?utm_source=naver&utm_medium=referral&utm_campaign=naver-news,
"뉴진스 '디토', 日 오리콘 1억 스밍…해외 아티스트 최단 기간","1황철순, 주가조작 가담 의혹 부인…""난 주식 모르는 똥멍청이""예능 프로그램에 출연해 얼굴을 알린 헬스 트레이너 황철순이 주가 조작 가담 의혹을 부인했다. 3일 황철순은 자신의 인스타그램에 ""3일 전부터 많은 기자분께서 (헬스장을) 뚫고 들어오신다""며 ""나는 주식도 모르는 똥멍청이이며 투자 제안도 받아본 적이 없으며 아직 피해 사실이 확인된 바 없다""고 적었다. ""운동과 관련되지 않은 부분에 대해서는 어떤 말씀이나 책임 있는 설명을 해드릴 수 없는 위치라는 것을 이해해 주시기 바란다""며 ""그렇게 많은 인터뷰를 해도 기사 한 토막 안 나간 이유는 내 얘기가 영양가가 없다는 얘기""라고",http://www.newsis.com/view/?id=NISX20230503_0002289464&cID=10601&pID=10600,"황철순,가담,의혹,부인,주식"
"방탄소년단 → 뉴진스, 하이브家 기록 행진 [이슈&톡]","방탄소년단 → 뉴진스, 하이브家 기록 행진 [이슈&톡] 2023. 05.03(수) 10:38맏형 진의 군 복무를 필두로 '군백기'(군 복무로 인한 공백기)에 접어든 그룹 방탄소년단(BTS)는 솔로 활동으로도 다양한 기록들을 써내려가고 있다.특히 멤버 슈가는 첫 솔로 앨범 '디-데이(D-DAY)'로 미국 빌보드 메인 앨범차트 '빌보드 200'에서 K팝 솔로 가수 최고 성적을 냈다.1일(현지시간) 빌보드가 홈페이지에 게재한 6일자 차트 예고 기사에 따르면, 슈가가 어거스트 디(Agust D)라는 솔로 활동명으로 지난달 21일 발매한 '디-데이'는 14만장 상당의 판매량으로 '빌보드 200'에서 2위로 데뷔했다.이는 역시 방탄소년단 멤버인 지민이 지난달 8일 자 '빌보드 200'에서 첫 솔로 앨범 '페이스(FACE)'로 거둔 성적과 같은 기록이자, K팝 솔로 가수 중 가장 높은 성적이다. 지민 전에는 방탄소년단의 RM이 '인디고(Indigo)'로 3위에 오른 바 있다.미니 10집 'FML'로 역대급 기록을 내고 있는 그룹 세븐틴(SVT)은 일본 차트 접수 소식을 전했다.2일 오리콘 차트에 따르면, 세븐틴의 미니 10집 'FML'은 첫 주에 55만2000장 이상의 판매량을 기록하며 일본 오리콘 주간 앨범 랭킹(5월 8일 자, 집계기간 4월 24~30일)에서 1위에 올랐다.이로써 세븐틴은 오리콘 주간 앨범 랭킹에서 미니 9집 '아타카(Attacca)', 정규 4집 '페이스 더 선(Face the Sun)', 정규 4집 리패키지 앨범 '섹터(SECTOR) 17', 일본 첫 번째 EP '드림(DREAM)'에 이어 5개 작품 연속 정상에 올랐다. 통산으로 따지면 9번째다.'FML'은 앞서 일본 오리콘 데일리 앨범 랭킹(4월 25~29일 자)에서 5일 연속 1위 자리를 지켰다. 주요 음원 사이트 라인뮤직, AWA 등에서도 1위를 기록했다.세븐틴은 'FML'로 음반 판매량 면에서 다양한 기록을 쓰고 있다. 첫날에만 판매량 300만 장을 넘겼는데, 이는 전 세계에서 유일한 기록이다. 'FML'은 초동 판매량(발매 후 일주일간 음반 판매량) 455만 214장으로 K팝 음반 역대 초동 판매량 최고 기록도 다시 세웠다.그룹 르세라핌(LE SSERAFIM)의 성장세도 무섭다.3일 앨범 판매량 집계 사이트 한터차트에 따르면, 르세라핌(김채원, 사쿠라, 허윤진, 카즈하, 홍은채)의 정규 1집 '언포기븐'(UNFORGIVEN)은 발매 당일 102만4034장 판매되면서 일간 음반 차트(5월 2일 자) 정상을 차지했는데, 이는 역대 K팝 걸그룹의 발매 1일 차 판매량 1위에 해당하는 기록이다.K팝 걸그룹이 발매 당일 음반 판매량 100만장을 넘긴 건 선배 그룹 블랙핑크가 지난해 정규 2집 '본 핑크'로 세운 101만장 이후 처음인데, 르세라핌은 블랙핑크 '본 핑크'보다 1만장을 더 팔며 이 부문에서 정상에 올랐다.이번 기록은 또한 지난해 10월 나온 '안티프래자일'(ANTIFRAGILE)의 첫날 판매량인 40만8833장과 비교했을 때 2배 이상 성장한 수치이다. 또한, 전작의 일주일 동안의 판매량인 56만7673장을 단 하루 만에 넘어서 놀라움을 줬다.뉴진스(NewJeans) 역시 히트곡으로 새 기록들을 써가고 있다.‘Hype boy’가 세계 최대 음원 플랫폼 스포티파이에서 3억 스트리밍을 돌파했다. 'Ditto', 'OMG'에 이은 뉴진스 통산 세 번째 3억 스트리밍 곡이다.3일 스포티파이에 따르면 뉴진스의 데뷔곡 '하입 보이(Hype boy)'는 지난 1일(현지 시간) 기준 3억10만390회 재생됐다. '디토'(Ditto)와 '오엠지'(OMG)에 이은 뉴진스 통산 세 번째 3억 스트리밍 곡이다.오리콘 차트에서도 두각을 나타냈는데,3일 오리콘이 발표한 주간 스트리밍 랭킹(5월 8일자)에 따르면 뉴진스의 '디토'는 누적 재생수 1억 회를 돌파했다. 지난해 12월 19일 공개된 지 19주 만으로 이는 오리콘 차트에서 1억 회 넘게 스트리밍된 해외 여성 아티스트의 곡 가운데 최단 기간 신기록이다. 해외 남,녀 아티스트 통틀어서는 역대 4위다.한편 뉴진스는 지난 1일 미국 골드하우스가 발표한 2023년 'A100' 리스트에도 이름을 올렸다. ‘A100’은 매년 미국 문화와 사회에 큰 영향을 끼친 아시아-태평양 지역 100인을 선정해 발표하는 명단인데, K팝 아티스트 중에선 뉴진스가 유일하게 이 리스트에 포함됐다.[티브이데일리 김지하 기자 news@tvdaily.co.kr/사진=빅히트뮤직, 플레디스, 쏘스뮤직, 어도] [티브이데일리 김지하 기자] 하이브에서 한솥밥을 먹고 있는 아이돌 그룹들이 국내외 시장에서 각종 기록을 고쳐 쓰고 있다.맏형 진의 군 복무를 필두로 '군백기'(군 복무로 인한 공백기)에 접어든 그룹 방탄소년단(BTS)는 솔로 활동으로도 다양한 기록들을 써내려가고 있다.특히 멤버 슈가는 첫 솔로 앨범 '디-데이(D-DAY)'로 미국 빌보드 메인 앨범차트 '빌보드 200'에서 K팝 솔로 가수 최고 성적을 냈다.1일(현지시간) 빌보드가 홈페이지에 게재한 6일자 차트 예고 기사에 따르면, 슈가가 어거스트 디(Agust D)라는 솔로 활동명으로 지난달 21일 발매한 '디-데이'는 14만장 상당의 판매량으로 '빌보드 200'에서 2위로 데뷔했다.이는 역시 방탄소년단 멤버인 지민이 지난달 8일 자 '빌보드 200'에서 첫 솔로 앨범 '페이스(FACE)'로 거둔 성적과 같은 기록이자, K팝 솔로 가수 중 가장 높은 성적이다. 지민 전에는 방탄소년단의 RM이 '인디고(Indigo)'로 3위에 오른 바 있다.미니 10집 'FML'로 역대급 기록을 내고 있는 그룹 세븐틴(SVT)은 일본 차트 접수 소식을 전했다.2일 오리콘 차트에 따르면, 세븐틴의 미니 10집 'FML'은 첫 주에 55만2000장 이상의 판매량을 기록하며 일본 오리콘 주간 앨범 랭킹(5월 8일 자, 집계기간 4월 24~30일)에서 1위에 올랐다.이로써 세븐틴은 오리콘 주간 앨범 랭킹에서 미니 9집 '아타카(Attacca)', 정규 4집 '페이스 더 선(Face the Sun)', 정규 4집 리패키지 앨범 '섹터(SECTOR) 17', 일본 첫 번째 EP '드림(DREAM)'에 이어 5개 작품 연속 정상에 올랐다. 통산으로 따지면 9번째다.'FML'은 앞서 일본 오리콘 데일리 앨범 랭킹(4월 25~29일 자)에서 5일 연속 1위 자리를 지켰다. 주요 음원 사이트 라인뮤직, AWA 등에서도 1위를 기록했다.세븐틴은 'FML'로 음반 판매량 면에서 다양한 기록을 쓰고 있다. 첫날에만 판매량 300만 장을 넘겼는데, 이는 전 세계에서 유일한 기록이다. 'FML'은 초동 판매량(발매 후 일주일간 음반 판매량) 455만 214장으로 K팝 음반 역대 초동 판매량 최고 기록도 다시 세웠다.그룹 르세라핌(LE SSERAFIM)의 성장세도 무섭다.3일 앨범 판매량 집계 사이트 한터차트에 따르면, 르세라핌(김채원, 사쿠라, 허윤진, 카즈하, 홍은채)의 정규 1집 '언포기븐'(UNFORGIVEN)은 발매 당일 102만4034장 판매되면서 일간 음반 차트(5월 2일 자) 정상을 차지했는데, 이는 역대 K팝 걸그룹의 발매 1일 차 판매량 1위에 해당하는 기록이다.K팝 걸그룹이 발매 당일 음반 판매량 100만장을 넘긴 건 선배 그룹 블랙핑크가 지난해 정규 2집 '본 핑크'로 세운 101만장 이후 처음인데, 르세라핌은 블랙핑크 '본 핑크'보다 1만장을 더 팔며 이 부문에서 정상에 올랐다.이번 기록은 또한 지난해 10월 나온 '안티프래자일'(ANTIFRAGILE)의 첫날 판매량인 40만8833장과 비교했을 때 2배 이상 성장한 수치이다. 또한, 전작의 일주일 동안의 판매량인 56만7673장을 단 하루 만에 넘어서 놀라움을 줬다.뉴진스(NewJeans) 역시 히트곡으로 새 기록들을 써가고 있다.‘Hype boy’가 세계 최대 음원 플랫폼 스포티파이에서 3억 스트리밍을 돌파했다. 'Ditto', 'OMG'에 이은 뉴진스 통산 세 번째 3억 스트리밍 곡이다.3일 스포티파이에 따르면 뉴진스의 데뷔곡 '하입 보이(Hype boy)'는 지난 1일(현지 시간) 기준 3억10만390회 재생됐다. '디토'(Ditto)와 '오엠지'(OMG)에 이은 뉴진스 통산 세 번째 3억 스트리밍 곡이다.오리콘 차트에서도 두각을 나타냈는데,3일 오리콘이 발표한 주간 스트리밍 랭킹(5월 8일자)에 따르면 뉴진스의 '디토'는 누적 재생수 1억 회를 돌파했다. 지난해 12월 19일 공개된 지 19주 만으로 이는 오리콘 차트에서 1억 회 넘게 스트리밍된 해외 여성 아티스트의 곡 가운데 최단 기간 신기록이다. 해외 남,녀 아티스트 통틀어서는 역대 4위다.한편 뉴진스는 지난 1일 미국 골드하우스가 발표한 2023년 'A100' 리스트에도 이름을 올렸다. ‘A100’은 매년 미국 문화와 사회에 큰 영향을 끼친 아시아-태평양 지역 100인을 선정해 발표하는 명단인데, K팝 아티스트 중에선 뉴진스가 유일하게 이 리스트에 포함됐다.[티브이데일리 김지하 기자 news@tvdaily.co.kr/사진=빅히트뮤직, 플레디스, 쏘스뮤직, 어도] 기사제보 news@tvdaily.co.kr 김지하 기자의 다른 기사 보기 키워드 : 뉴진스 | 방탄소년단 | 세븐틴 뉴진스 'Ditto', 日 오리콘 누적 스트리밍 1억 회 돌파 뉴진스 ‘Hype boy’, 스포티파이 3억 스트리밍 돌파 ""노 아이폰, 온리 갤럭시"" BTS 슈가, 美 공연 중 삼성 사랑 세븐틴 승관, 故 문빈 추모 ""거기선 그냥 아무나 돼""",http://www.tvdaily.co.kr/read.php3?aid=16830779201674041010,"기록,판매량,뉴진스,오리콘,앨범"
,,https://www.hani.co.kr/arti/culture/music/1090435.html,
"‘뉴진스의 아버지’ 250의 첫 단독공연, 싱크 넥스트에 뜬다-국민일보","지난해 음반 ‘뽕’으로 한국대중음악상을 휩쓴 프로듀서 겸 작곡가 250(왼쪽)과 여성 스트리트 댄서 그룹 프라우드먼의 리더 모니카는 올해 세종문화회관의 싱크 넥스트에 참여한다. 세종문화회관3일 세종문화회관 S씨어터에서 열린 ‘싱크 넥스트’ 기자간담회에 아티스트들이 모여 있다. 세종문화회관지난 3월 열린 제20회 한국대중음악상의 주인공은 DJ, 프로듀서 그리고 작곡가인 250(이오공·본명 이호형)이었다. 250은 트로트를 기본으로 한 일렉트로닉 음반 ‘뽕’으로 올해의 음반, 올해의 음악인 등 4개 부문에서 수상했다. 이로써 250은 한국대중음악상 20년 역사상 단 2차례밖에 없었던 한 해 최다 수상 타이기록을 보유하게 됐으며, ‘뽕’은 일렉트로닉 장르 최초의 올해의 음반 수상작이 됐다. 250은 걸그룹 뉴진스의 첫 앨범 메인 프로듀서이자 ‘하입 보이’ ‘어텐션’ ‘디토’ 등을 작곡했는데 뉴진스 역시 올해의 신인, 최우수 K팝 음반, 최우수 K팝 노래 등 3개 부문에서 수상했다.250이 음반 발매 후 첫 단독 공연을 연다. 세종문화회관이 예술적 실험과 도전, 동시대성을 표방하며 지난해 여름 시작한 ‘싱크 넥스트’를 통해서다. 올해 ‘싱크 넥스트’는 7월 6일부터 9월 10일까지 67일간 S씨어터에서 12편이 33회 열린다. 250의 무대는 7월 15일 ‘아직도 모르시나요’라는 제목으로 공연한다. 3일 세종문화회관 S씨어터에서 열린 ‘싱크 넥스트’ 기자간담회에 참석한 250은 “앨범 ‘뽕’의 감성을 흠뻑 느낄 수 있는 무대가 될 것”이라며 “콜라텍이나 무도장 같은 분위기의 공연을 생각하고 있다”고 밝혔다.이번 ‘싱크 넥스트’에는 250 이외에도 다양한 장르의 예술가들이 대거 참여한다. 여성 스트리트 댄서 그룹 프라우드먼의 리더 모니카와 프로듀서 겸 보컬리스트 시피카(CIFIKA)는 퍼포먼스 ‘쓰인 적 없는 ㅅ(시옷)’(8월 18~20일)을, 얼터너티브 팝 밴드 이날치는 새 멤버 영입 후 처음 선보이는 앨범의 라이브 무대(8월 3~5일)를 선보인다. 싱어송라이터이자 영화감독인 이랑과 안무가 겸 배우 모어는 낭독과 음악, 퍼포먼스, 시 등으로 구성된 ‘왜 내가 너의 친구라고 말하지 않는 것인가’(8월 8일)를, 디자이너이자 연출가인 정구호와 안무가 김성훈은 학교 폭력을 다룬 창작 무용 ‘그리멘토’(9월 7~10일)를 꾸민다.이밖에 안무가 김재덕이 6명의 안무가와 함께 펼치는 ‘몸으로 몸한다’(7월 6~8일), 극단 ‘코끼리들이 웃는다’의 관객 참여형 공연 ‘물질’(7월 20∼23일), R&B 싱어송라이터 서사무엘과 수화 아티스트 지후트리의 ‘그러면 사랑 얘기는 누가 하지’(7월 28~30일), 인디밴드 너드커넥션과 미디어 아티스트 현지원의 ‘테라리움’(8월 12∼13일), ‘잠비나이’ 멤버 이일우와 서울시국악관현악단 단원들이 함께하는 ‘광광, 굉굉’(8월 15일), 리서치그룹 궁리소 묻다의 ‘우주 양자 마음’도 눈에 띈다. 가수이자 배우인 ‘전방위 예술가’ 백현진은 실험극 ‘백현진 쑈: 공개방송’(9월 1∼3일)을 선보인다.안호상 세종문화회관 사장은 “세종문화회관의 활동들이 우리 사회가 요구하는 복잡성에 비해 너무 단조롭지 않았나 생각한다”면서 “‘싱크 넥스트’는 대중이 기대하는 예술활동, 예술가들의 다양한 관점과 고민을 담아보고자 한다”고 취지를 밝혔다.장지영 선임기자 jyjang@kmib.co.krGoodNews paper ⓒ 국민일보(www.kmib.co.kr) , 무단전재 및 수집, 재배포금지",https://news.kmib.co.kr/article/view.asp?arcid=0018227034&code=61171211&cp=nv,"세종,문화,회관,싱크,넥스트"
"뉴진스, 日오리콘 해외 女가수 최단 1억 스트리밍 [연예뉴스 HOT]",걸그룹 뉴진스가 일본 오리콘 차트에서 해외 여성 가수 중 가장 빠른 속도로 1억 스트리밍을 달성했다. 3일 오리콘이 발표한 주간 스트리밍 랭킹(5월8일자)에 따르면 뉴진스가 지난해 12월 19일 공개한 노래 ‘디토’는 19주 만에 누적 재생수 1억 회를 돌파했다. 소속사 어도어는 “오리콘 차트에서 1억 회 넘게 스트리밍된 해외 여성 아티스트의 곡 가운데 최단 기간 신기록”이라면서 “해외 남녀 아티스트 통틀어서는 역대 4위”라고 설명했다. 뉴진스는 ‘디토’가 실린 싱글 ‘OMG’로 올해 1월 오리콘 주간 합산 싱글 랭킹에서 두 차례 정상을 차지했다.이승미 기자 smlee@donga.com,https://sports.donga.com/article/all/20230503/119131065/1,"오리콘,뉴진스,해외,스트리밍,차트"
"송혜교·수지·뉴진스…히메컷, 왜 다시 유행인가","1황철순, 주가조작 가담 의혹 부인…""난 주식 모르는 똥멍청이""예능 프로그램에 출연해 얼굴을 알린 헬스 트레이너 황철순이 주가 조작 가담 의혹을 부인했다. 3일 황철순은 자신의 인스타그램에 ""3일 전부터 많은 기자분께서 (헬스장을) 뚫고 들어오신다""며 ""나는 주식도 모르는 똥멍청이이며 투자 제안도 받아본 적이 없으며 아직 피해 사실이 확인된 바 없다""고 적었다. ""운동과 관련되지 않은 부분에 대해서는 어떤 말씀이나 책임 있는 설명을 해드릴 수 없는 위치라는 것을 이해해 주시기 바란다""며 ""그렇게 많은 인터뷰를 해도 기사 한 토막 안 나간 이유는 내 얘기가 영양가가 없다는 얘기""라고",http://www.newsis.com/view/?id=NISX20230503_0002290388&cID=10601&pID=10600,"황철순,가담,의혹,부인,주식"
,,https://www.hani.co.kr/arti/culture/music/1090435.html,
"‘뉴진스의 아버지’ 250의 첫 단독공연, 싱크 넥스트에 뜬다-국민일보","지난해 음반 ‘뽕’으로 한국대중음악상을 휩쓴 프로듀서 겸 작곡가 250(왼쪽)과 여성 스트리트 댄서 그룹 프라우드먼의 리더 모니카는 올해 세종문화회관의 싱크 넥스트에 참여한다. 세종문화회관3일 세종문화회관 S씨어터에서 열린 ‘싱크 넥스트’ 기자간담회에 아티스트들이 모여 있다. 세종문화회관지난 3월 열린 제20회 한국대중음악상의 주인공은 DJ, 프로듀서 그리고 작곡가인 250(이오공·본명 이호형)이었다. 250은 트로트를 기본으로 한 일렉트로닉 음반 ‘뽕’으로 올해의 음반, 올해의 음악인 등 4개 부문에서 수상했다. 이로써 250은 한국대중음악상 20년 역사상 단 2차례밖에 없었던 한 해 최다 수상 타이기록을 보유하게 됐으며, ‘뽕’은 일렉트로닉 장르 최초의 올해의 음반 수상작이 됐다. 250은 걸그룹 뉴진스의 첫 앨범 메인 프로듀서이자 ‘하입 보이’ ‘어텐션’ ‘디토’ 등을 작곡했는데 뉴진스 역시 올해의 신인, 최우수 K팝 음반, 최우수 K팝 노래 등 3개 부문에서 수상했다.250이 음반 발매 후 첫 단독 공연을 연다. 세종문화회관이 예술적 실험과 도전, 동시대성을 표방하며 지난해 여름 시작한 ‘싱크 넥스트’를 통해서다. 올해 ‘싱크 넥스트’는 7월 6일부터 9월 10일까지 67일간 S씨어터에서 12편이 33회 열린다. 250의 무대는 7월 15일 ‘아직도 모르시나요’라는 제목으로 공연한다. 3일 세종문화회관 S씨어터에서 열린 ‘싱크 넥스트’ 기자간담회에 참석한 250은 “앨범 ‘뽕’의 감성을 흠뻑 느낄 수 있는 무대가 될 것”이라며 “콜라텍이나 무도장 같은 분위기의 공연을 생각하고 있다”고 밝혔다.이번 ‘싱크 넥스트’에는 250 이외에도 다양한 장르의 예술가들이 대거 참여한다. 여성 스트리트 댄서 그룹 프라우드먼의 리더 모니카와 프로듀서 겸 보컬리스트 시피카(CIFIKA)는 퍼포먼스 ‘쓰인 적 없는 ㅅ(시옷)’(8월 18~20일)을, 얼터너티브 팝 밴드 이날치는 새 멤버 영입 후 처음 선보이는 앨범의 라이브 무대(8월 3~5일)를 선보인다. 싱어송라이터이자 영화감독인 이랑과 안무가 겸 배우 모어는 낭독과 음악, 퍼포먼스, 시 등으로 구성된 ‘왜 내가 너의 친구라고 말하지 않는 것인가’(8월 8일)를, 디자이너이자 연출가인 정구호와 안무가 김성훈은 학교 폭력을 다룬 창작 무용 ‘그리멘토’(9월 7~10일)를 꾸민다.이밖에 안무가 김재덕이 6명의 안무가와 함께 펼치는 ‘몸으로 몸한다’(7월 6~8일), 극단 ‘코끼리들이 웃는다’의 관객 참여형 공연 ‘물질’(7월 20∼23일), R&B 싱어송라이터 서사무엘과 수화 아티스트 지후트리의 ‘그러면 사랑 얘기는 누가 하지’(7월 28~30일), 인디밴드 너드커넥션과 미디어 아티스트 현지원의 ‘테라리움’(8월 12∼13일), ‘잠비나이’ 멤버 이일우와 서울시국악관현악단 단원들이 함께하는 ‘광광, 굉굉’(8월 15일), 리서치그룹 궁리소 묻다의 ‘우주 양자 마음’도 눈에 띈다. 가수이자 배우인 ‘전방위 예술가’ 백현진은 실험극 ‘백현진 쑈: 공개방송’(9월 1∼3일)을 선보인다.안호상 세종문화회관 사장은 “세종문화회관의 활동들이 우리 사회가 요구하는 복잡성에 비해 너무 단조롭지 않았나 생각한다”면서 “‘싱크 넥스트’는 대중이 기대하는 예술활동, 예술가들의 다양한 관점과 고민을 담아보고자 한다”고 취지를 밝혔다.장지영 선임기자 jyjang@kmib.co.krGoodNews paper ⓒ 국민일보(www.kmib.co.kr) , 무단전재 및 수집, 재배포금지",https://news.kmib.co.kr/article/view.asp?arcid=0018227034&code=61171211&cp=nv,"세종,문화,회관,싱크,넥스트"
"""블핑과 뉴진스만 기록했던""…피프티 피프티, 6주 연속 '핫100'","""블핑과 뉴진스만 기록했던""…피프티 피프티, 6주 연속 '핫100'[Dispatch=김다은기자] ‘피프티 피프티’가 빌보드에서 최고 기록을 갈아치웠다. 6주 동안 한 번도 쉬지 않고 꾸준히 상승세를 띠고 있다.빌보드는 3일 최신차트(5월 6일자)를 발표했다. 피프티 피프티는 신곡 ‘큐피드’로 메인 음원 차트 ‘핫100’ 41위에 올랐다.역대 K팝 걸그룹이 핫100에서 쓴 기록 중 4번째로 높은 순위다. 블랙핑크의 ‘핑크 베놈’ (22위), ‘셧 다운’(25위), ‘하 유 라이크 댓’(33위)이 기록을 세웠다.6주 연속 빌보드에 진입했다. 피프티 피프티는 지난달 1일 해당 차트에 100위로 진입했다. 2주차 94위, 3주차 85위, 4주차 60위, 5주차 50위로 매주 새 기록을 썼다.이는 유의미한 기록이다. '핫100'에 6주 연속 진입한 3번째 K팝 걸그룹이 됐다. 블랙핑크, 뉴진스가 앞서 기록을 보유하고 있었다.빌보드 다른 차트에서도 선전 중이다. ‘빌보드 글로벌 200’(미국 제외)에서도 8위로 이름을 올렸다.한편 ‘큐피드’는 지난 2월 24일 발표된 첫 번째 싱글의 타이틀 곡이다. 디스코 팝 장르로, 편안한 리듬과 레트로풍 선율이 특징이다.<사진제공=어트랙트, 빌보드 차트>",http://www.dispatch.co.kr/2248325,"프티,기록,빌보드,차트,주차"
"BTS·세븐틴·르세라핌·뉴진스, 'K팝 톱' 넘어 새 역사 기록중…글로벌 역대급 성과","방탄소년단과 세븐틴, 르세라핌, 뉴진스 등 하이브 레이블즈 아티스트들이 K팝 톱을 넘어 글로벌 역사 수준의 기록을 거듭 탄생시키고 있다.3일 빅히트뮤직·플레디스엔터·쏘스뮤직·어도어 등 하이브 레이블즈 측은 최근 국내외 차트발표를 인용, 아티스트들의 글로벌 기록갱신 행보들을 전했다.전해진 바에 따르면 방탄소년단과 세븐틴, 르세라핌, 뉴진스 등 아티스트들은 빌보드·오리콘 등 글로벌 차트는 물론 스포티파이·멜론 등 국내외 스트리밍 지표, 피지컬앨범 등 전반적인 부분에서 역대급 기록을 내고 있다.먼저 방탄소년단은 활동명 Agust D를 앞세운 슈가와 데뷔 첫 솔로행보에 나선 지민 등 두 멤버를 필두로 그룹 성과에 필적하는 기록을 내고 있다.슈가는 지난달 21일 Agust D로 발표한 솔로 앨범 ‘D-DAY’와 타이틀곡 '해금'으로 '핫100' 58위, '빌보드200' 2위 등 미국 빌보드 메인차트에서 최상위를 차지한 데 이어, ‘톱 앨범 세일즈’, ‘톱 커런트 앨범’, ‘톱 랩 앨범’, ‘월드 앨범’, ‘디지털 송 세일즈’, ‘랩 디지털 송 세일즈’, ‘월드 디지털 송 세일즈’ 등 세부적인 차트에서 정상을 기록하는 등 압도적인 성과를 이뤘다.또 지민은 슈가와 미국 빌보드 메인차트 타이기록을 낸 이후, 첫 솔로 앨범 ‘FACE’(빌보드200 70위), 타이틀곡 ‘Like Crazy’(핫 100 97위) 등 5주 연속 차트인 릴레이를 거듭하며 글로벌 아티스트 감각을 드러냈다.세븐틴은 최근 발표한 미니 10집 ‘FML’로 초동판매고 455만214장이라는 역대급 초동 기록을 냈던 데 이어, 동일 앨범으로 일본 오리콘 차트에서 주간 디지털 앨범, 앨범 랭킹 정상을 잇따라 차지하는 등 압도적인 실력발휘를 하고 있다.미국 빌보드의 공식집계 반영과 함께, 오는 8일 공개될 더블 타이틀곡 중 하나인 ‘F*ck My Life’ 뮤직비디오를 기점으로 한 또 다른 글로벌 기록이 기대되고 있다.르세라핌은 첫 정규앨범 ‘UNFORGIVEN’로 발매 당일 밀리언셀링(102만 4034장) 기록과 함께, K-팝 걸그룹 중 첫 날 판매고 1위 기록을 달성하며 화제의 중심이 되고 있다.또 타이틀곡 ‘UNFORGIVEN (feat. Nile Rodgers)’로 벅스(2위), 멜론(4위), 지니(7위) 등 국내 음원차트 최상위, 타이틀곡 뮤비 2000만뷰 돌파 등 데뷔 1년만의 수직상승 성과가 현재진행형으로 이뤄지고 있음이 주목된다.뉴진스는 Ditto와 OMG에 이어, Hype boy 등으로 스포티파이 3억 스트리밍을 달성한 데 이어, 오리콘 누적재생 1위(Ditto)를 기록하는 등 꾸준히 롱런을 달성하고 있다.이는 오는 8월 일본 '서머소닉' 출격확정과 함께 미국 골드하우스 2023년 ‘A100’ 선정 등으로 이어지며 '글로벌 막내 온 탑'으로서의 존재감을 가늠케 한다.이처럼 방탄소년단과 세븐틴, 르세라핌, 뉴진스 등 하이브 레이블즈 아티스트들은 국내외를 아우르는 K팝 역사를 새롭게 쓰고 있다.전자신문인터넷 박동선 기자 (dspark@etnews.com)",https://www.etnews.com/20230503000130,"기록,앨범,차트,글로벌,빌보드"
"카카오 장윤중·CJ ENM 정우성·뉴진스, '영향력 있는 아시아 100인'","1황철순, 주가조작 가담 의혹 부인…""난 주식 모르는 똥멍청이""예능 프로그램에 출연해 얼굴을 알린 헬스 트레이너 황철순이 주가 조작 가담 의혹을 부인했다. 3일 황철순은 자신의 인스타그램에 ""3일 전부터 많은 기자분께서 (헬스장을) 뚫고 들어오신다""며 ""나는 주식도 모르는 똥멍청이이며 투자 제안도 받아본 적이 없으며 아직 피해 사실이 확인된 바 없다""고 적었다. ""운동과 관련되지 않은 부분에 대해서는 어떤 말씀이나 책임 있는 설명을 해드릴 수 없는 위치라는 것을 이해해 주시기 바란다""며 ""그렇게 많은 인터뷰를 해도 기사 한 토막 안 나간 이유는 내 얘기가 영양가가 없다는 얘기""라고",http://www.newsis.com/view/?id=NISX20230502_0002288317&cID=10601&pID=10600,"황철순,가담,의혹,부인,주식"
"뉴진스·수지·송혜교도 한 ‘공주머리’, 유행 또 돌아왔다",,https://www.chosun.com/culture-life/fashion-beauty/2023/05/03/VR57RLPQMZDNBNKNNVJGWMOUX4/?utm_source=naver&utm_medium=referral&utm_campaign=naver-news,
"뉴진스, 日오리콘 해외 女가수 최단 1억 스트리밍 [연예뉴스 HOT]",걸그룹 뉴진스가 일본 오리콘 차트에서 해외 여성 가수 중 가장 빠른 속도로 1억 스트리밍을 달성했다. 3일 오리콘이 발표한 주간 스트리밍 랭킹(5월8일자)에 따르면 뉴진스가 지난해 12월 19일 공개한 노래 ‘디토’는 19주 만에 누적 재생수 1억 회를 돌파했다. 소속사 어도어는 “오리콘 차트에서 1억 회 넘게 스트리밍된 해외 여성 아티스트의 곡 가운데 최단 기간 신기록”이라면서 “해외 남녀 아티스트 통틀어서는 역대 4위”라고 설명했다. 뉴진스는 ‘디토’가 실린 싱글 ‘OMG’로 올해 1월 오리콘 주간 합산 싱글 랭킹에서 두 차례 정상을 차지했다.이승미 기자 smlee@donga.com,https://sports.donga.com/article/all/20230503/119131065/1,"오리콘,뉴진스,해외,스트리밍,차트"
"뉴진스, 'ZERO' 뮤직비디오 비하인드 컷 공개","'뉴진스'의 독보적인 매력이 가득 담긴 사진들이 공개됐다.2일 코카-콜라는 브랜드 모델로 활약하고 있는 뉴진스의 짜릿한 표정과 상큼한 에너지로 가득 찬 비하인드 사진들을 공개했다.앞서 코카-콜라는 글로벌 앰버서더로 뉴진스를 선정하며 코카-콜라 제로의 짜릿함을 색다르고 트렌디하게 전하기 위해 나섰다. 가장 첫 행보로 코카-콜라의 글로벌 뮤직 플랫폼 '코-크 스튜디오(Coke Studio)'와의 협업을 통해 CM송 'Zero'를 발매한 데 이어 뉴진스가 코카-콜라 제로와 함께 떠나는 즐거운 여행 모습을 담은 뮤직비디오도 공개하는 등 다양한 활동을 이어가고 있다.신곡 'Zero'는 익숙한 '코카-콜라 송'에 트렌디한 비트와 뉴진스만의 독보적 음색이 더해진 곡으로 음원 차트 상위권에 오르는 등 뜨거운 반응을 얻고 있다.이번에 공개된 사진 속에서 뉴진스는 Z세대 아이콘답게 누구나 쉽게 따라 할 수 없는 독보적인 매력을 맘껏 뽐내며 눈길을 끈다. 코카-콜라 제로의 짜릿함을 생생하고 상큼한 표정으로 나타냈다.본지와 전화 통화한 코카콜라 관계자는 ""뉴진스와 코카-콜라 제로가 함께 하는 짜릿한 순간을 흥미롭게 담아낸 'Zero' 뮤직비디오가 많은 사랑을 받고 있다""며 ""뉴진스와 다양한 컬래버레이션 활동을 이어갈 계획이다다""고 전했다.",https://www.starnewskorea.com/stview.php?no=2023050213502795001,"뉴진스,코카,콜라,공개,제로"
"뉴진스·카카오 장윤중, '美 영향력 있는 아시아인 100인' 선정","비영리단체 골드하우스 선정 'A100' 목록 올라뉴진스 [어도어 제공. 재판매 및 DB 금지](서울=연합뉴스) 임지우 기자 = 그룹 뉴진스와 카카오엔터테인먼트의 장윤중 글로벌전략담당(GSO)이 미국 비영리단체 골드하우스가 발표한 2023년 '미국에서 가장 영향력 있는 아시아인 100인'에 선정됐다.뉴진스와 장 GSO는 골드하우스가 지난 1일(현지 시간) 홈페이지를 통해 공개한 'A100' 명단에 이름을 올렸다.'A100'은 아시아 태평양 지역의 문화예술인을 지원하는 비영리 단체 골드하우스(Gold House)에서 매년 미국 문화와 사회에 큰 영향을 끼친 아시아인 100명을 선정해 발표하는 명단이다.광고카카오엔터 장윤중 글로벌 담당 임원 [카카오엔터 제공. 재판매 및 DB 금지]골드하우스 측은 뉴진스를 두고 ""솔직하고 독창적인 음악으로 케이팝의 지평을 넓힌 그룹""이라며 ""최근 글로벌 히트곡 '디토'와 'OMG'로 빌보드 '핫100' 차트에 진입하는 등 여러 기록을 세우고 있다""고 선정 이유를 밝혔다.장윤중 GSO에 대해서는 ""한국 음악 산업을 주도하고 있는 카카오엔터테인먼트에서 음악 부문 글로벌 전략을 총괄하며 아이브, 더보이즈 등 산하 레이블 아티스트들이 글로벌 팬들에게 다가갈 수 있도록 하는 데 중추적 역할을 하고 있다""고 설명했다.장 GSO는 앞서 미국의 음악 전문 매체 빌보드가 지난 달 발표한 세계 음악계에서 영향력 있는 인물인 '빌보드 인터내셔널 파워플레이어스'에 선정되기도 했다.올해 'A100' 명단에는 야구선수 쇼헤이 오타니, 디자이너 안나 수이 등이 이들과 함께 이름을 올렸다.지난해에는 윤여정, '오징어 게임' 황동혁 감독, 이정재, 이민진 작가 등이 선정됐다.wisefool@yna.co.kr제보는 카카오톡 okjebo <저작권자(c) 연합뉴스, 무단 전재-재배포 금지>",https://www.yna.co.kr/view/AKR20230502119600005?input=1195m,"선정,골드,하우스,카카오,글로벌"
"뉴진스 다니엘, '인어공주' 에리얼 더빙 맡나…실루엣 공개","연한 핑크빛 립스틱을 바른 입술, 은은한 살굿빛 눈두덩이와 양 볼. 요즘 젊은 외국인 여성들이 사회관계망서비스(SNS)에 올리는 'K팝 아이돌 메이크업' 영상에서의 모습이다.전 세계적으로 블랙핑크, 아이브, 뉴진스 등 'K팝 여자 아이돌'이 큰 인기를 끌면서 이들이 주로 하는 '한국 아이돌 메이크업'에 대한 관심이 높아지고 있다. 한국의 아이돌에 대한 관심이 '실제로 그들의 스타일을 닮고 싶다', '따라 해보고 싶다'라는 생각으로 이어진 것. 이에 온라인상에서는 K팝 여자 아이돌의 화장법을 따라 하는 영상이 하나의 트렌드로 자리 잡았다.K팝 여자 아이돌의 메이크업 스타일을 따라 하는 등 'K-뷰티'에 대한 관심은 수치로도 증명됐다. 대한상공회의소가 최근 급증하고 있는 외국인 관광객들의 쇼핑 트렌드를 분석하기 위해 '외국인 관광객 선호 K-상품군'을 조사한 결과, 외국인들이 가장 선호하는 상품군은 '의류 및 피혁류(30.8%)' 다음으로 '화장품 및 향수(30.0%)'가 2위를 차지했다. 국적 관계없이 화장품 등 상품선택 기준으로 우선 고려한 것 중 하나가 '한국적 상품(18.3%)'일 정도다.한국에서 거주하며 한국 화장품을 사용해 후기를 전하는 블로거 나호프 씨는 자신의 블로그에 한국식 메이크업만의 특징인 애교살을 강조해 청순함을 드러내는 메이크업을 즐긴다고 밝히며 ""(최근에) 연한 분홍빛이 나는 애교살 라이너(한국 제품)를 구매했는데, 내 얼굴을 부드럽고 여성스러운 이미지로 만들어줘서 자주 사용하고 있다""고 말했다.유튜브나 틱톡, 인스타그램 등 동영상 공유 플랫폼에 '한국식 메이크업', '한국 아이돌 메이크업' 등의 검색어를 입력하면, 외국인 여성들이 한국의 화장품 등을 이용해 해당 메이크업 챌린지를 선보이는 영상들을 쉽게 찾아볼 수 있다. 특히 틱톡에서는 인기 걸그룹 아이브의 멤버 장원영의 메이크업을 따라 하는 영상들이 눈에 띈다. 얼굴에서 특정한 부위에, 과한 포인트를 주는 것이 아닌, 특유의 청순한 느낌 살린 메이크업을 따라 하는 것이다.한국식 메이크업은 '진하지 않은 이목구비 표현으로 개개인의 얼굴별 장점을 극대화해준다'는 평가를 받는다. 메이크업 아티스트로 활동 중인 류모 씨(28)는 ""미국인들은 음영을 확실하게 주는 '컨투어링 메이크업'을 선호하는 모습을 보여왔다. 성숙해 보이고 고혹적이거나, 화려한 분위기를 자아내는 메이크업 방식이다""면서 ""요즘 간간이 메이크업을 받으러 오는 외국인 손님들 말을 들어보면 한국의 여자 아이돌처럼 청순하게 해달라는 사람들이 부쩍 늘었다. 그게 더 예뻐 보인다고 하더라""고 말했다.한국식 메이크업을 여러 차례 선보여 유튜브 스타가 된 사례도 있다. '한국식 메이크업 튜토리얼' 영상으로 유명한 우크라이나계 러시아 모델이자 유튜버 다샤 타란은 ""한국식 메이크업을 전수받은 뒤로 한국식 메이크업에 빠져들었다""며 화장하는 순서부터 방법 모두 한국인 뷰티 유튜버들이 하는 것과 비슷한 방법으로 진행한다. 한국식 화장법만으로 구독자 176만명을 보유한 유튜브 스타가 됐다.베트남 하노이 출신의 한 뷰티 유튜버는 자신의 유튜브 채널에 한국식 화장법의 특징을 소개하는 영상을 올려 외국인들 사이 화제가 됐다. 영상에서 그는 ""한국식 화장법의 특징은 자연스러운 피부 표현인데, 즉 화사하면서 자연스럽게 피부를 표현해야 한다는 것""이라며 ""진하지 않게 눈 화장을 하고, 흰색 하이라이터를 아래에 발라 애교살을 강조해 주면 되고, 블러셔로 생기를 주면 어려 보이는 메이크업이 된다""고 설명했다.이 같은 인기에 힘입어 지난 2월 한국방문위원회는 외국인 관광객이 몰리는 명동의 K-뷰티 체험·홍보관 '뷰티플레이'에서 20~30대 외국인 여성 방한객들이 K-뷰티 콘텐츠를 직접 경험하고 소통할 수 있는 자리를 마련했다. 지난 1월에는 주독일한국문화원이 독일인들을 대상으로 K-뷰티에 대한 정보를 전달하고, 한국식 화장법을 소개하는 자리를 가지기도 했다.전문가들은 외국인들이 K팝 여자 아이돌만의 메이크업 스타일을 따라 하는 것은, 단순히 K팝 콘텐츠의 인기가 아니라 한국 여자 아이돌의 메이크업 방식 등 'K-스타일'의 브랜드 가치를 선호하는 성향이 반영된 것이라고 분석했다.김헌식 대중문화평론가는 ""K팝이 대세인 것도 있지만, SNS상에서 '나는 인종차별 의식이 없다', '열려있는 사람이다'는 것을 알려주고 싶은 목표도 있을 것""이라며 ""K팝 여자 아이돌의 스타일은 최근 외국인들이 봤을 때도 '트렌디'하다는 평가를 받는 만큼, 자신도 그것을 따라 하고 보여주며 SNS상에서 과시하고 싶은 마음이 반영된 것도 있다""고 설명했다.이어 ""SNS, 유튜브 등이 워낙 발달해있어 트렌디한 스타일을 검색하다가 한국 아이돌 사진이나 영상 등을 접하면 그들이 하고 나온 메이크업을 보며 '예뻐 보인다'는 시선을 가질 것""이라며 ""외국인들 입장에서는 그간 해보지 못했던 스타일을 자신에게 입혀가며 트렌디한 스타일을 찾아가는 재미를 느끼는 것으로 보인다""고 덧붙였다.그러면서 ""외국인들이 한국의 메이크업을 따라 하고 하는 문화를 낯설게 생각할 필요는 없고, 전 세계적인 트렌드 중 하나로 꼽히는 '한국 아이돌만의 스타일'을 따라가는 것이라고 보면 된다""고 말했다.김세린 한경닷컴 기자 celine@hankyung.com",https://www.hankyung.com/entertainment/article/202305026851H,"메이크업,한국,아이돌,외국인,스타일"
‘뉴진스의 아버지’ 250부터 모니카까지…“오늘을 살아가는 우리의 이야기”,"동시대 예술의 신선한 경험세종문화회관 ‘싱크 넥스트 23’‘지금’, ‘여기’를 살고 있는 예술가들의 이야기를 통해 ‘오늘’을 그려가는 세종문화회관의 컨템퍼러리 축제인 ‘싱크 넥스트 23’(7월 6일~9월 10일, 세종문화회관 S씨어터) 출연자들.[세종문화회관 제공][헤럴드경제=고승희 기자] 그룹 뉴진스의 프로듀서인 250, ‘스우파’(스트릿 우먼 파이터) 열풍의 주역인 댄서 모니카, ‘조선팝’의 세계화를 이끈 이날치까지…. ‘오늘’을 살아가는 예술가들의 ‘고민’이 무대에서 폭발한다.“예술가의 직업은 많은 사람을 위로하는 일이라 생각하고 있어요. 다양한 작업으로 고단한 사람들에게 위로를 만들어주죠. 동시에 한 존재로 살아가는 사람들이기도 하고요. 그 모습을 보여주고자 했습니다.” (이랑)이 무대엔 ‘주제를 위한 주제’는 없다. 오직 ‘지금’, ‘여기’를 살고 있는 예술가들의 이야기를 통해 ‘오늘’을 그려간다. 세종문화회관의 여름 컨템퍼러리 축제인 ‘싱크 넥스트 23’(7월 6일~9월 10일, 세종문화회관 S씨어터)이다.지난해 처음 시작한 ‘싱크 넥스트 23’은 관습적으로 구분해온 장르와 형식의 경계를 벗고, 신선한 무대를 보여주고자 마련된 두 달간의 공연 축제다. 실험과 도전을 통해 동시대를 이끄는 다양한 장르의 예술가를 선정, 음악·춤·연극·스탠드업 코미디 등 다양한 무대를 보여준다. 지난해 첫 시즌엔 객석의 70~80% 정도를 채우며 의미있는 성과를 냈다.안호상 세종문화회관 사장 [세종문화회관 제공]안호상 세종문화회관 사장은 “해외 프로듀서를 만나면 한국의 컨템퍼러리를 소개해달라는 이야기를 많이 듣는다”며 “컨템퍼러리 자체가 동시대성을 담는 하나의 탈장르라고 생각했다. 지금 이 시점에 서울의 예술가들이 자신의 관점에서 주목하고 있는 고민을 담고, 이들이 왜 이런 작품을 만들어내는지를 들여다보고 고민해야 한다는 취지로 마련한 무대다”라고 말했다.올해엔 총 12편의 작품을 통해 33회 공연을 이어간다. 공연은 가변형 블랙박스인 S씨어터에서 열린다. 무대와 객석이 고정되지 않아 예술가들의 상상력으로 자유롭게 변형 가능하다. 기존 세종문화회관 대극장이나 체임버홀처럼 보수적인 무대가 아니라는 점은 새로운 시각과 아이디어를 품게 한다. 안 사장은 “세종문화회관이 그동안 우리 존재에 억눌려 사회가 요구하는 복잡한 활동들에 비해 단조로웠다는 생각을 한다”며 “지금 대중이 기대하는 예술활동을 품고자 했다”고 강조했다.뉴진스의 ‘하입 보이’, ‘어텐션’을 프로듀싱하며 세계 무대에서 주목받은 250 [세종문화회관 제공]‘싱크 넥스트 23’엔 현재 대한민국 예술계를 이끄는 ‘핫’한 예술가들이 총출동한다. 뉴진스의 ‘하입 보이’, ‘어텐션’을 프로듀싱하며 세계 무대에서 주목받은 250은 ‘싱크 넥스트23’을 통해 첫 단독 무대 ‘아직도 모르시나요’(7월 15일)를 선보인다. 그는 “지난해 냈던 앨범 ‘뽕’은 슬픔과 애수를 마음에 두고 몸을 신나는 리듬에 맞춰서 춤을 추면서 느껴지는 갭(차이)을 즐기는 것이었다”며 “이번 공연은 그 앨범의 감성을 조금 더 입체적으로 느낄 수 있도록 준비하고 있다. 세종스러우면서도 더 자유로운 콜라텍이나 무도회장의 분위기로 만들 생각이다”고 말했다.이날치는 지난해에 이어 두 번째 출연이다. 새 멤버 영입 이후 선보이는 무대(‘이날치_싱크 넥스트 23’, 8월 3∼5일)다. 이날치 안이호는 “판소리 다섯 바탕을 벗어나 깊은 고민 없이도 일상에서 받아들일 수 있는 보다 확장된 이야기를 담아낸 새 앨범 작업을 기반으로 한 무대를 펼쳐볼 예정”이라고 했다.다양한 장르를 초월한 신선한 공연이 많다. 한국 현대무용신의 대표 안무가 김재덕을 비롯한 여섯 팀의 ‘몸으로 몸한다’(7월 6~8일)로 시작하는 ‘싱크 넥스트 23’은 ▷ ‘물질’(7월 20~23일) ▷‘그러면 사랑 얘기는 누가 하지’(7월 28~30일) ▷‘테라리움’(8월 12~13일) ▷‘광광, 굉굉’(8월 15일) ▷‘우주 양자 마음’(8월 24~27일) ▷‘백현진 쑈: 공개방송’(9월 1~3일) 등의 공연을 이어간다. 싱어송라이터이자 영화감독인 이랑과 드래그 아티스트인 모어의 낭독과 음악, 퍼포먼스, 시로 구성한 ‘왜 내가 너의 친구라고 말하지 않는 것인가’(8월 8일), 디자이너 겸 연출가인 정구호와 안무가 김성호는 학교 폭력에 주목한 창작 무용 ’그리멘토‘(9월 7~10일)도 주목할 만하다.댄서 모니카 [세종문화회관 제공]댄스 크루 프라우드먼의 리더 모니카와 음악가 시피카(CIFIKA)는 ‘쓰인 적 없는 ㅅ(시옷)’(8월 18~20일)을 올린다. 10대 후반부터 20~30대까지 아우를 수 있는 쉬운 공연을 지향한다. 모니카는 “삶 속에서 파생되는 언어를 찾아보고, 각자의 경험을 통해 텍스트가 주는 파장과 비언어로 번역했을 때 다가오는 우리의 춤사위 효과를 통해 쉽고 따뜻한 공연을 만들고 싶다”며 “어려운 단어보다는 친절한 단어를 말할 수 있는 공연이 되고자 한다”고 말했다.“‘스우파’를 통해 프라우드먼이 공격적인 팀으로 알려졌는데, 사실 저희의 모토는 다른 사람의 슬픔을 나의 슬픔으로 느끼는 춤을 추는 거예요. 이 공연이 공감과 위로의 무대가 되길 바랍니다.” (모니카)shee@heraldcorp.com",http://news.heraldcorp.com/view.php?ud=20230504000030,"세종,문화,회관,무대,공연"
"뉴진스도 입었다, 떠오르는 블록코어룩","축구 유니폼에 일상복을 매치하는 ‘블록코어룩’이 인기를 끌고 있다. 패션 플랫폼 무신사의 주요 브랜드 ‘1993스튜디오’가 주력으로 내세운 스포티한 감성의 ‘90S 트랙 스웨트셔츠’.유통팀 기자들이 큐(Q)레이션한 다양한 라이프스타일 뉴스를 인스타그램 Q매거진(@_q_magazine)에서 만나보세요.축구 좋아하시나요? ‘골 때리는 그녀들’ 같은 예능 프로그램과 카타르 월드컵의 인기에 힘입어 패션업계에서 축구 유니폼의 인기가 심상치 않습니다. 운동할 때 입는 옷을 넘어 당당히 패션의 한 카테고리로 자리매김하는 추세인데요. 축구 유니폼을 일상복과 매치하는 패션을 ‘블록코어(Blokecore)룩’이라고 부릅니다. 최근 봄여름(SS) 시즌 패션의 핫 키워드로 이 블록코어룩이 떠오르고 있습니다.블록코어는 영국에서 ‘녀석’을 뜻하는 속어인 블록(Bloke)과 평범한 멋을 지칭하는 단어인 ‘놈코어(normcore)’가 합쳐진 단어입니다. 축구 종주국인 영국의 펍이나 길거리에서 흔히 볼 수 있는 축구팬 남성의 모습을 하나의 패션으로 재해석한 스타일입니다.국내에선 월드컵에 앞서 인기 아이돌 등을 중심으로 유니폼 패션을 선보였습니다. 지난해 7월 데뷔한 걸그룹 뉴진스는 데뷔곡 ‘어텐션(Attention)’ 뮤직비디오에서 축구 유니폼을 입고 등장해 블록코어룩을 알렸습니다. 블랙핑크의 제니 역시 ‘핑크 베놈(Pink Venom)’ 뮤직비디오에서 아디다스의 ‘맨체스터 유나이티드 팀가이스트 저지’를 입고 나왔습니다.블록코어룩이 인기를 끌면서 유니폼 패션을 다루는 업체들도 인기를 끌고 있는데요. ‘1993스튜디오’ ‘스컬프터’ ‘스페이드클럽서울’ 등이 대표적입니다. 이들 브랜드는 공통적으로 엠블럼을 새기거나 어깨를 따라 선을 넣어 스포티한 무드를 연출할 수 있는 아이템을 선보이고 있습니다. 특히 1993스튜디오가 올해 봄여름 시즌 출시한 ‘90S 트랙 스웨트셔츠’의 경우 브이넥, 엠블럼 등 빈티지 스포츠 유니폼을 닮은 디자인을 선보였습니다. 1993스튜디오를 주로 판매하는 무신사 관계자는 “관련 브랜드들이 최근 9∼10배 가까이 성장하는 경우도 있다”고 전했습니다.LF의 사내 벤처 프로젝트로 시작한 스페이드클럽서울 역시 축구 유니폼을 모티프로 한 풋볼 티셔츠와 트랙 팬츠를 출시했습니다. 자연을 가꾸고 휴식을 즐긴다는 의미의 ‘그리너리(Greenery) 문화’를 기반으로 한 유니폼을 앞세웠습니다.정서영 기자 cero@donga.com",https://www.donga.com/news/Economy/article/all/20230502/119113061/1,"유니폼,축구,패션,블록,코어"
"""뉴진스로 변신한 똥별이""… '홍현희♥' 제이쓴도 '입틀막'","[헬스S] 무리한 다이어트, 생리통 위험 높인다 최근 건강한 몸에 대한 관심이 높아지고 있지만 여전히 마른 체형을 갈망하는 여성들이 많다. 이는 무리한 다이어트 등으로 이어지는데 부적절한 체중조절 행동은 여성의 월경곤란증(생리통) 위험을 높인다는 연구결과가 나왔다.질병관리청 국립보건연구원에 따르면 승인되지 않은 다이어트 보조제를 섭취하는 등 부적절한 방법을 통해 체중조절을 한 여성의 경증 생리통 위험은 22%, 중증 생리통 위험은 53% 높아졌다.구체적으로 살펴보면 끼니 거르기 등의 단식을 한 여성의 중증 생리통 위험은 44%, 승인되지 않은 다이어트 보조제를 섭취한 여성의 중증 생리통 위험은 56% 높았다.승인되지 않은 다이어트 보조제를 섭취한 여성의 경증 생리통 위험은 69%, 원푸드 다이어트를 한 여성의 경증 생리통 위험은 49% 높아졌다.최근 1년 동안 체중이 3kg 이상 변했거나 주 5회 이상 외식을 하거나 배달음식을 먹는 경우에도 생리통 위험이 높아지는 것으로 나타났다.생리통은 부인과 질환 중 하나로 심하면 어지..",http://moneys.mt.co.kr/news/mwView.php?no=2023050309375610446,"생리통,위험,여성,다이어트,체중"
"""아이돌 될래""…이지혜딸 태리, 뉴진스 복붙 춤실력","1황철순, 주가조작 가담 의혹 부인…""난 주식 모르는 똥멍청이""예능 프로그램에 출연해 얼굴을 알린 헬스 트레이너 황철순이 주가 조작 가담 의혹을 부인했다. 3일 황철순은 자신의 인스타그램에 ""3일 전부터 많은 기자분께서 (헬스장을) 뚫고 들어오신다""며 ""나는 주식도 모르는 똥멍청이이며 투자 제안도 받아본 적이 없으며 아직 피해 사실이 확인된 바 없다""고 적었다. ""운동과 관련되지 않은 부분에 대해서는 어떤 말씀이나 책임 있는 설명을 해드릴 수 없는 위치라는 것을 이해해 주시기 바란다""며 ""그렇게 많은 인터뷰를 해도 기사 한 토막 안 나간 이유는 내 얘기가 영양가가 없다는 얘기""라고",http://www.newsis.com/view/?id=NISX20230501_0002286538&cID=10601&pID=10600,"황철순,가담,의혹,부인,주식"
"뉴진스, ‘美 영향력 있는 아시아인 100인’ 선정 [연예뉴스 HOT]","신인 걸그룹 뉴진스가 미국 비영리단체 골드하우스가 발표한 올해 ‘미국에서 가장 영향력 있는 아시아인 100인’(A100)에 선정됐다. 2일(한국시간) 골드하우스는 홈페이지를 통해 “뉴진스는 글로벌 히트곡 ‘디토’와 ‘OMG’ 등을 통해 솔직하고 독창적인 음악으로 케이팝의 지평을 넓힌 그룹”이라며 선정 이유를 밝혔다. 해당 명단에는 카카오엔터테인먼트에서 음악 부문 글로벌 전략을 총괄하는 장윤중 글로벌전략담당(GSO)도 포함됐다. 지난해에는 배우 윤여정, 이정재, ‘오징어게임’ 황동혁 감독, 소설 ‘파친코’ 이민진 작가 등이 선정됐다.이정연 기자 annjoy@donga.com",https://sports.donga.com/article/all/20230502/119113252/1,"선정,글로벌,뉴진스,미국,골드"
"이지혜 딸 태리, 뉴진스에 푹 빠졌다…""아이돌 할래"" 한마디에 母 걱정","SBS '동상이몽2' 캡처이지혜 딸 태리가 뉴진스에 푹 빠졌다.1일 오후 방송된 SBS 예능 프로그램 '동상이몽 2 - 너는 내 운명'에서는 가수 이지혜, 문재완 부부의 일상이 공개된 가운데 첫째 딸 태리가 걸그룹 뉴진스를 따라해 이목을 집중시켰다.이날 문재완은 태리를 '공주야~', '공주님~'이라고 불렀다. 이내 등장한 태리에 대해 이지혜는 ""많이 컸다, 요즘 약간 공주병이 왔다, 그런 시기다""라고 알렸다.이지혜 가족은 함께 아이돌 댄스를 따라했다. 태리가 같이 추자고 제안하자 이지혜는 ""엄마 춤 진짜 잘 춰, 엄마는 댄스 가수야""라고 자신 있게 말했다. 태리는 ""나도 장난 아니야""라고 받아쳐 놀라움을 자아냈다. ""이거 봐""라더니 뉴진스의 '디토' 춤을 따라잡아 놀라움을 더했다.이때 문재완이 갑자기 엎드려 자세를 잡아 궁금증을 유발했다. 뉴진스 안무의 시작 부분이었던 것. 태리는 뉴진스에서 민지 역할을 맡아 웃음을 샀다. 그는 엔딩 포즈까지 아빠를 적극 활용해 폭소를 유발했다.문재완은 딸에 대해 아이돌 가수를 해도 되겠다며 흐뭇해 했다. 그러자 이지혜가 버럭하며 ""무슨 아이돌이야""라고 받아쳤다. 이어 태리를 향해 ""아이돌 할 생각 없지?""라고 물었다. 하지만 태리는 ""아니, 나 아이돌 할 생각 있어, 가수 하고 싶어""라고 깜짝 고백했다.이지혜는 태리의 얘기에 벌써부터 걱정했다. 아이돌 가수로 성공하는 게 너무 어렵다고 생각한 그는 ""다른 직업 좋은 게 너무 많다. 가수 말고 선생님 할까? 아니면 변호사? 닥터?""라고 태리에게 물어 눈길을 끌었다.llll@news1.kr",https://www.news1.kr/articles/5033199,"태리,이지혜,가수,아이돌,뉴진스"
"""세븐틴·뉴진스…거를 타선 없다""…하이브, 목표가 '샹항'-하이","2023.03.16 그룹 세븐틴 AAA인터뷰 /사진=이동훈 기자 photoguy@ 하이투자증권은 (289,500원 ▼5,000 -1.70%) 가 올해 기대 이상의 실적을 보였다며 기존 IP(지식재산권)와 신인 라인업의 고른 활약이 있었기 때문이라고 3일 분석했다. 투자의견 '매수'를 유지하고, 목표주가는 기존 23만원에서 33만원으로 상향 조정했다.박다겸 하이투자증권 연구원은 ""하이브의 올해 1분기 매출액은 전년 동기 대비 44% 늘어난 4106억원, 영업이익은 42% 증가한 525억원""이라며 ""영업이익 면에서 시장 기대치인 467억원을 뛰어넘었다""고 했다.박 연구원은 ""부문별로 앨범이 1843억원(TXT 신보, 지민 솔로, 뉴진스 신보, 부석순 유닛 및 세븐틴 구보), 공연이 252억원(세븐틴, 엔하이픈 등), 매니지먼트가 250억원, MD/라이선싱이 689억원, 콘텐츠가 873억원, 팬클럽 등이 200억원의 매출을 각각 올렸다""며 ""기존 IP(지재산권)의 성장 속도, 위버스 수익구조 고도화, 신인 라인업 중 어느 하나 거를 타선이 없다""고 말했다.그는 ""연차를 불문하고 컴백하는 아티스트마다 전작 대비 높은 앨범 판매고를 기록하며 팬덤 확장을 증명하고 있다""며 ""신인 라인업도 '보이스넥스트도어'(5월30일 데뷔 예정)가 TXT 이후 처음으로 나오는 대형 기획사 신인 보이그룹이라는 점에서 기대감이 높다""고 밝혔다.오프라인에 집중됐던 매출이 온라인으로 이동하고 있다는 점도 강조했다. 박 연구원은 ""위버스는 기존 '위버스샵'을 통해 오프라인에 집중됐던 매출을 온라인으로 끌고 오는 역할을 해왔다""며 ""3분기 중 론칭될 멤버십+(월 구독 서비스·팬레터 등 제공)은 매출을 온라인으로 옮기는 것을 넘어 매월 발생하는 디지털 매출을 새롭게 만들어낼 것""이라고 말했다. 하이투자증권은 하이브 가 올해 기대 이상의 실적을 보였다며 기존 IP(지식재산권)와 신인 라인업의 고른 활약이 있었기 때문이라고 3일 분석했다. 투자의견 '매수'를 유지하고, 목표주가는 기존 23만원에서 33만원으로 상향 조정했다.박다겸 하이투자증권 연구원은 ""하이브의 올해 1분기 매출액은 전년 동기 대비 44% 늘어난 4106억원, 영업이익은 42% 증가한 525억원""이라며 ""영업이익 면에서 시장 기대치인 467억원을 뛰어넘었다""고 했다.박 연구원은 ""부문별로 앨범이 1843억원(TXT 신보, 지민 솔로, 뉴진스 신보, 부석순 유닛 및 세븐틴 구보), 공연이 252억원(세븐틴, 엔하이픈 등), 매니지먼트가 250억원, MD/라이선싱이 689억원, 콘텐츠가 873억원, 팬클럽 등이 200억원의 매출을 각각 올렸다""며 ""기존 IP(지재산권)의 성장 속도, 위버스 수익구조 고도화, 신인 라인업 중 어느 하나 거를 타선이 없다""고 말했다.그는 ""연차를 불문하고 컴백하는 아티스트마다 전작 대비 높은 앨범 판매고를 기록하며 팬덤 확장을 증명하고 있다""며 ""신인 라인업도 '보이스넥스트도어'(5월30일 데뷔 예정)가 TXT 이후 처음으로 나오는 대형 기획사 신인 보이그룹이라는 점에서 기대감이 높다""고 밝혔다.오프라인에 집중됐던 매출이 온라인으로 이동하고 있다는 점도 강조했다. 박 연구원은 ""위버스는 기존 '위버스샵'을 통해 오프라인에 집중됐던 매출을 온라인으로 끌고 오는 역할을 해왔다""며 ""3분기 중 론칭될 멤버십+(월 구독 서비스·팬레터 등 제공)은 매출을 온라인으로 옮기는 것을 넘어 매월 발생하는 디지털 매출을 새롭게 만들어낼 것""이라고 말했다.<저작권자 © ‘돈이 보이는 리얼타임 뉴스’ 머니투데이, 무단전재 및 재배포 금지> 공감 0%비공감 0%",http://news.mt.co.kr/mtview.php?no=2023050307421021964,"매출,기존,신인,투자,라인업"
"뉴진스 다니엘, ’인어공주’ 한국어 더빙…디즈니 이번에도 성공?","뉴진스(NewJeans) 멤버 다니엘이 영화 ‘인어공주’ 주연 에리얼의 한국어 더빙을 맡는다.지난 2일 월트디즈니컴퍼니 코리아는 SNS를 통해 오는 5월 개봉을 앞둔 ‘인어공주’ 에리얼 한국어 더빙을 맡은 연예인의 실루엣을 공개했다.더빙 주인공은 한국어 더빙은 물론, ‘인어공주’의 대표적인 OST 중 하나인 ‘Part of Your World’를 커버하는 것으로 전해졌다.실루엣 단서 밖에 없지만 팬들은 뉴진스 다니엘이라는 추측을 이어갔다. 특히 실루엣과 일치하는 다니엘의 사진까지 지목되며 추측은 확신으로 바뀌었다.데뷔 앨범부터 폭발적인 반응을 불러 일으킨 뉴진스지만, 이번에는 기류가 다르다. ‘인어공주’에서 주인공 에리얼 역은 할리 베일리가 맡았다. 다니엘과 할리 베일리의 발성이 너무 다르기 때문에 전문 성우가 맡아야 햇다는 지적이 나온다.일부에서는 다니엘이 대표 OST인 ‘Part of Your World’ 가창 정도만 했어도 좋았을 것이라는 목소리도 있다.디즈니는 평소 성우 캐스팅에서 까다롭기로 유명하다. 캐릭터에 맞게 인물을 캐스팅해온 디즈니가 기우를 뒤집고 다니엘의 ‘인어공주’ 더빙을 이끌어낼수 있을지 이목이 집주된다.",http://www.slist.kr/news/articleView.html?idxno=447518,"다니엘,인어공주,더빙,뉴진스,에리얼"
"250·모니카 등 '힙'한 아티스트 12팀, 세종문화회관 찾는다","[이데일리 장병호 기자] 그룹 뉴진스 프로듀서 250, ‘스트릿 우먼 파이터’로 이름을 알린 댄서 모니카 등 ‘힙’(HIP)한 아티스트들이 한국 공연예술의 중심지인 세종문화회관을 찾는다. 세종문화회관은 3일 서울 종로구 세종문화회관 S씨어터에서 기자간담회를 열고 컨템포러리 시즌 ‘싱크 넥스트 23’ 라인업을 공개했다.‘싱크 넥스트’는 ‘동시대 공연예술을 선도하는 세계 수준의 콘텐츠 제작극장’을 지향하는 세종문화회관이 지난해 처음 선보인 여름 시즌 프로그램이다. 안호상 세종문화회관 사장은 “세종문화회관은 그동안 그 존재감에 억눌려 사회 요구를 반영하지 못하고 단조롭게 활동했다”며 “지금 대중이 기대하는 예술활동을 세종문화회관이 함께 품으며 이 시대 전면에서 활동하는 다양한 예술의 관점을 소개하고자 ‘싱크 넥스트’를 기획했다”고 설명했다.예술성과 대중성을 겸비한 아티스트 12개 팀이 오는 7월 6일부터 9월 10일까지 총 67일간 세종문화회관 S씨어터에서 관객과 만난다. 일렉트로닉, 인디, 알앤비(R&B), 트롯, 록 등 다채로운 음악 장르와 스트릿 댄스, 수화 퍼포먼스, 설치 미술, 스탠드업 코미디 등 공연장에서 흔히 접할 수 없었던 분야까지 실험성, 다양성, 대중성을 두루 갖췄다.가장 눈길을 끄는 공연은 DJ 겸 프로듀서 250(본명 이호형)의 ‘아직도 모르시나요’(7월 15일)다. 250은 올해 제20회 한국대중음악상에서 ‘올해의 음반’ ‘올해의 음악인’ ‘최우수 일렉트로닉 음반’ ‘최우수 일렉트로닉 노래’로 4관왕을 차지했다. 최근 전 세계적으로 인기인 K팝 그룹 뉴진스의 프로듀서로도 유명하다.이번 공연에선 트롯을 재해석한 앨범 ‘뽕’ 수록곡을 바탕으로 한 무대를 준비하고 있다. 250은 “‘뽕’은 애수를 가지면서도 신나게 춤을 추며 느끼는 ‘갭’을 즐기고 싶어 만든 앨범”이라며 “세종문화회관을 무도회장 같은 느낌으로 만들어 앨범의 전반적인 분위기를 입체적으로 설명할 수 있는 공연을 만들고자 한다”고 밝혔다.댄스 크루 프라우드먼의 리더인 모니카는 일렉트로닉 장르 기반의 보컬리스트이자 프로듀서인 씨피카와 ‘쓰인 적 없는 ㅅ’(8월 18~20일)을 선보인다. 모니카는 “방송을 통해 프라우드먼이 공격적인 춤을 추는 팀으로 알려졌지만, 우리는 ‘남의 슬픔을 자신의 슬픔처럼 느끼고 살자’는 생각으로 공감과 위로가 있는 춤을 추구한다”며 “춤과 음악이 잘 어우러진 쉽지만 따뜻한 공연을 만들겠다”고 말했다.이밖에도 △안무가 김재덕의 현대무용 ‘몸으로 몸한다’(7월 6~8일) △코끼리들이 웃는다의 연극 ‘물질’(7월 20~23일) △싱어송라이터 서사무엘과 수화 아티스트 지후트리의 ‘그러면 사랑 얘기는 누가 하지’(7월 28~30일) △밴드 이날치의 ‘이날치-싱크 넥스트 23’(가제, 8월 3~5일) △싱어송라이터 겸 작가 이랑과 드랙 아티스트 모어의 ‘왜 내가 너의 친구라고 말하지 않는 것인가’(8월 8일) 등이 관객을 찾는다..또한 △밴드 너드커넥션과 미디어아티스트 Z1의 ‘테라리움’(8월 12~13일) △국악 연주자 성시영, 이일우, 황민왕의 ‘광광, 굉굉’(8월 15일) △연출가 배요섭이 이끄는 궁리소 묻다의 ‘우주 양자 마음’(8월 24~27일) △가수 겸 현대미술과 백현진의 ‘백현진 쑈 : 공개방송’(9월 1~3일) △비주얼 디렉터 정구호와 현대무용가 김성훈의 ‘그리멘토’(9월 7~10일) 등을 만날 수 있다. 8월엔 현대무용가 안은미, 현대무용 단체 앰비규어스 댄스 컴퍼니 등이 출연하는 야외 무료 축제 ‘세종썸머페스티벌’도 함께 개최한다.티켓 가격 1만 5000~6만 5000원. 오는 4일부터 얼리버드 티켓과 패키지 티켓 예매를 진행한다. 보다 자세한 내용은 세종문화회관 홈페이지에서 확인할 수 있다.",http://www.edaily.co.kr/news/newspath.asp?newsid=03447286635605312,"세종,문화,회관,아티스트,프로듀서"
"[포토] 뉴진스 혜인, 워킹도 명품","뉴진스 혜인.패션 브랜드 루이비통 2023년 프리폴 컬렉션이 29일 오후 한강 잠수교에서 열렸다.이날 행사에는 배우 고현정, 천우희, 고아성, 장미희, 김서형, 전여빈, 이솜, 박지후, 임시완, 노윤서, 박형식, 배두나, 가수 김윤아, 태연, 뉴진스 혜인, 세븐틴 민규, 스트레이키즈 필릭스, 있지 예지, 르세라핌(사쿠라,김채원,허윤진,카즈하, 홍은채), 선미, 화사, 배우 정려원, 한효주, 이성경, 위하준, 김나영, 기은세, 모델 아이린과 해외 셀럽들이 참석했다.이번 루이비통 프리폴 패션쇼로 29일 당일 0시부터 자정까지 잠수교 일대 차량, 자전거, 도보, 이륜차 이용이 통제됐다. 서울시에 따르면 통제구간은 잠수교 북단(녹사평대로11길 잠수교 진입차선)에서 남단(반포대로 잠수교 진입 차선)까지 총 1.6㎞다.[강영국 스타투데이 기자][ⓒ 매일경제 & mk.co.kr, 무단전재 및 재배포 금지]",https://www.mk.co.kr/article/10725034,"잠수교,뉴진스,혜인,루이비통,프리"
"뉴진스 'OMG', 스포티파이 스밍 3억↑…자체 두 번째","1황철순, 주가조작 가담 의혹 부인…""난 주식 모르는 똥멍청이""예능 프로그램에 출연해 얼굴을 알린 헬스 트레이너 황철순이 주가 조작 가담 의혹을 부인했다. 3일 황철순은 자신의 인스타그램에 ""3일 전부터 많은 기자분께서 (헬스장을) 뚫고 들어오신다""며 ""나는 주식도 모르는 똥멍청이이며 투자 제안도 받아본 적이 없으며 아직 피해 사실이 확인된 바 없다""고 적었다. ""운동과 관련되지 않은 부분에 대해서는 어떤 말씀이나 책임 있는 설명을 해드릴 수 없는 위치라는 것을 이해해 주시기 바란다""며 ""그렇게 많은 인터뷰를 해도 기사 한 토막 안 나간 이유는 내 얘기가 영양가가 없다는 얘기""라고",http://www.newsis.com/view/?id=NISX20230429_0002285724&cID=10601&pID=10600,"황철순,가담,의혹,부인,주식"
"[비즈 스톡] 하이브 주가, 르세라핌ㆍ뉴진스 활약에 30만원 회복…52주 신고가 경신-비즈엔터","[비즈엔터 윤준필 기자]▲그룹 르세라핌(비즈엔터DB)하이브(352820) 주가가 52주 신고가를 경신한 가운데, 르세라핌ㆍ뉴진스가 남다른 성장세를 보이고 있다.하이브는 3일 오전 9시 53분 기준, 전 거래일 대비 5.45%(1만 5500원) 오른 30만원에 거래되고 있다. 이날 장 초반 하이브는 30만 3000원까지 오르면서 52주 신고가를 경신했다.지난 2일 앨범 판매량 집계 사이트 한터차트에 따르면, 하이브 레이블 쏘스뮤직 소속 르세라핌(LE SSERAFIM)은 이날 일간 음반 차트의 정상을 차지했다.지난 1일 발매된 르세라핌의 정규 1집 '언포기븐(UNFORGIVEN)'은 발매 당일 102만 4034장이 판매됐다. 이는 역대 K팝 걸그룹 발매 1일 차 판매량 1위에 해당한다. 솔로 가수를 포함한 전체 여성 아티스트 중에서도 최다 기록이다.▲뉴진스(사진제공=어도어)어도어 소속 뉴진스의 활약 또한 눈에 띈다. 뉴진스(NewJeans)는 3일 일본 오리콘 차트가 발표한 주간 스트리밍 랭킹에서 싱글 앨범 'OMG' 수록곡 'Ditto'로 누적 재생 수 1억 회를 돌파했다.지난해 12월 19일 공개된 지 19주 만의 기록으로, 오리콘 차트에서 1억 회 넘게 스트리밍된 해외 여성 아티스트의 곡 가운데 최단 기간이다. 해외 남,녀 아티스트 통틀어서는 역대 4위다.한편, 하이브는 지난 2일 올해 1분기 실적을 발표했다. 매출액은 전년 동기 대비 44.07% 증가한 4106억원, 영업이익은 41.51% 늘어난 535억을 기록했다고 공시했다. 시장 기대치를 넘어선 어닝 서프라이즈이자, 하이브 창사 이래 최대 1분기 실적이다.하이브는 올해 1분기 음반 판매량이 전년 동기 대비 4배 이상 늘어난 911만 장을 기록했다고 밝혔다. 하이브는 매출의 상당 부분을 차지했던 방탄소년단(BTS) 멤버들의 군 입대로 시장의 걱정 어린 시선을 받았지만, 방탄소년단 지민을 비롯해 뉴진스, 르세라핌, 세븐틴, 투모로우바이투게더 등 소속 아티스트들이 좋은 성과를 거뒀다.또 하이브 신인들을 향한 기대도 높다. 오는 30일에는 하이브 레이블 KOZ엔터테인먼트의 신인 보이그룹 보이넥스트도어가 데뷔하며, UMG와 함께 미국 현지에서도 걸그룹을 준비 중이다.",http://enter.etoday.co.kr/news/view/241062,"하이브,세라핌,뉴진스,차트,아티스트"
뉴진스·아웃렛·스탠다드...유통가도 놀란 무신사 신의 세 수,"무신사 앰배서더 뉴진스. 무신사는 마약 복용 혐의를 받는 유아인의 공백을 뉴진스로 성공적으로 막았다는 평가를 받는다. 무신사 제공유통업계가 패션 플랫폼 1위인 무신사의 선구안에 놀라고 있다. 메인 모델이었던 유아인의 리스크부터 패션가의 골칫거리였던 재고 처리를 위한 아웃렛 운영, 자체 SPA 브랜드 '무신사 스탠다드'까지 우연이든, 계획적이든 한발 앞서 시장을 내다본다는 것이다. 비교적 높은 수수료와 까다로운 입점 절차에도 업계 안팎에서 ""그래도 무신사가 일은 잘한다""는 말이 나오는 배경이다.무신사의 선구안 ‘뉴진스’""사실, 유아인의 마약 복용으로 가장 타격을 받을 것으로 예상됐던 곳은 무신사였죠. 그런데 뉴진스로 정말 잘 넘어 갔어요.""패션 브랜드 A 사 관계자의 말이다. 최고의 스타였던 유아인은 지난 2월 불법 마약 복용 혐의로 경찰 조사를 받았다. 유아인을 모델로 기용했던 10여 개 업체들은 한바탕 곤욕을 치렀다. 메인 모델의 마약 스캔들은 브랜드 이미지에 치명적이었기 때문이다.그중에서도 무신사는 유아인 리스크를 제대로 받을 것으로 예측됐다. 2020년 유아인을 앰배서더로 발탁한 무신사는 그를 본뜬 버추얼휴먼 '무아인'까지 개발하면서 스타 마케팅에 적극적이었기 때문이다. '유아인=인간 무신사'라는 수식어가 나돌 정도였다.그러나 유아인 마약 파문이 일어난 지 두 달여를 넘긴 현재, 무신사는 위기를 성공적으로 피해 갔다는 평가를 받는다. 비결은 뉴진스다.무신사는 지난해 10월 걸그룹 뉴진스를 국내외 앰버서더로 발탁했다. 유아인의 마약 스캔들이 터지기 수개월 전이었다. 무신사는 새내기 걸그룹 뉴진스의 독보적인 캐릭터와 힙한 감각이 무신사와 잘 맞는다고 판단하고 또 다른 앰배서더로 맞았다.신의 한 수였다. 뉴진스의 글로벌 인지도는 넉 달 사이 더 높아졌다. 유아인이 마약 스캔들에 휘말리자, 무신사는 그 자리를 뉴진스로 채웠다. 브랜드 상징과 같던 모델이 부정 이슈로 빠졌지만 공백이 사실상 느껴지지 않았다.효과도 톡톡히 보고 있다는 설명이다. 무신사에 따르면 지난 2월 기준 무신사 스토어 여성 패션 카테고리 거래액은 전년보다 2배 이상 신장했다. 무신사는 스토어 내 주요 여성 의류 및 패션잡화 브랜드 매출이 가파르게 상승했다는 점이 만족스러운 눈치다.회사 측은 뉴진스 화보와 멤버들이 착용한 상품을 확인할 수 있는 쇼케이스 페이지는 평균 대비 30배가 넘는 조회수를 기록했다고 설명했다.A 사 관계자는 ""무신사는 유아인보다 타깃층이 낮고 글로벌 커버 범위가 넓은 모델을 찾다가 뉴진스를 추가로 발탁했다""며 ""유아인의 사고를 예측한 결과는 아니었지만, 결과적으로 시장을 한발 앞서 본 덕에 위기를 벗어났다""고 했다. 그러면서 이 관계자는 ""네파 등 유아인을 기용했던 타 브랜드와 달리 무신사는 모델 공백이 느껴지지 않았다""고 했다.유통가 더 놀란 것은무신사 아웃렛 이미지. 무신사 제공업계가 무신사를 보면서 놀라는 지점은 더 있다. 지난해 2월 선보인 인앱 형태의 상시 할인 전문관인 '무신사 아울렛(아웃렛)'이다.무신사 아웃렛은 입점 브랜드의 고민거리였던 재고 문제를 해결하고, 소비자에게는 평소 즐겨 찾는 인기 브랜드의 제품을 합리적인 가격에 제공한다는 취지에서 마련됐다. 무신사 아웃렛은 전용 할인 상품과 기존의 브랜드 시즌 상품이 중복으로 노출되지 않도록 운영되면서 파트너사는 물론 고객에게도 뜨거운 반응을 얻고 있다.1일 무신사에 따르면 무신사 아웃렛은 론칭 이후 매월 100만 이상의 활성 이용자 수를 기록하면서 지속적으로 성장 중이다.패션 업체 관계자 B 씨는 ""팔다 남은 재고 상품은 가지고 있어봐야 짐만 되고 업체에 큰 부담이 되는데, 무신사가 이런 부분을 잘 파고들었다""며 ""서로 윈윈하는 구조""라고 했다.2017년 선보인 자체 브랜드 무신사 스탠다드 역시 업체들의 질투를 받고 있다. 준수한 품질의 '모던 베이식 캐주얼웨어'를 콘셉트로 한 무신사 스탠다드의 매출은 지난해 2000억원 규모까지 성장했다.무신사 스탠다드 2호점인 강남점 전경. 무신사 제공무신사는 국내 플랫폼 기업 중 거의 유일하게 꾸준히 흑자 기조를 유지하는 곳이다. 투자에 집중했던 지난해에도 매출 7083억원을 달성하면서 전년 4613억원 대비 53.5% 성장했다.소비자 데이터 플랫폼 오픈서베이가 최근 공개한 'MZ세대 패션 앱 트렌드 리포트 2023'에 따르면 최근 3개월 내 구매 경험 기준으로 무신사가 이용률 48.5%로 1위를 차지했다. 이는 2위에 오른 에이블리(22.2%), 3위를 기록한 지그재그(21.5%)를 합친 것보다도 많은 규모다.여러 브랜드를 거느린 패션 대기업 C 사 관계자는 ""타 사 브랜드 담당자가 '우리 무신사에 입점했다'고 좋아하는 모습을 보면서 '플랫폼에 하나 입점한 일이 저렇게 좋아할 일인가' 의아했는데, 이제는 '그럴만하다' 싶다""며 ""여러 면에서 무신사의 힘을 절감하고 있다""고 말했다.서지영 기자 seojy@edaily.co.kr",https://isplus.com/article/view/isp202305010120,"유아인,브랜드,뉴진스,패션,마약"
'BTS 군대 가면 망하나' 걱정했는데…하이브 실적 보니 '괜한 걱정',"그룹 방탄소년단(BTS) 제이홉이 18일 강원도의 한 육군 사단 신병교육대로 입대한 가운데 멤버들이 배웅하며 기념 촬영하고 있다. [연합][헤럴드경제=김성훈 기자] 하이브가 아이돌 그룹 방탄소년단(BTS)의 입대에 따른 팀 활동 공백에도 멤버들의 솔로 활동, 세븐틴, 뉴진스 등 다른 그룹의 활약에 힘입어 올해 1분기 실적이 크게 개선된 것으로 나타났다.하이브는 연결 기준 올해 1분기 영업이익이 525억원으로 지난해 동기보다 41.5% 증가한 것으로 잠정 집계됐다고 2일 공시했다.매출은 4106억원, 당기순이익은 498억원으로 지난해 동기 대비 각각 44.1%와 62.5% 늘었다.매출을 부문별로 살펴보면 앨범·공연·출연료 등을 아우르는 '직접 참여형 매출'은 2345억원으로 53.9% 증가했다. 이 중 앨범 매출은 1843억원으로 185.1% 대폭 늘었다.하이브는 올해 1분기 미국 빌보드 메인 싱글 차트 '핫 100' 1위를 따낸 방탄소년단 지민과 이 기간 구보(과거 발매 음반) 127만장을 팔아 치운 세븐틴을 비롯해 뉴진스, 투모로우바이투게더 등이 좋은 성과를 거뒀다고 밝혔다.MD(굿즈상품)·콘텐츠·팬클럽 등을 가리키는 '간접 참여형 매출'은 1761억원으로 32.8% 증가했다. 이 중 콘텐츠 매출은 873억원으로 79.8%나 늘었다.뉴진스하이브가 운영하는 팬 커뮤니티 플랫폼 위버스의 1분기 MAU(월간활성이용자)는 930만명으로 전 분기보다 10% 증가했다. 같은 기간 스트리밍 서비스인 '위버스라이브' 시청 수는 4억6000만건으로 78.3% 증가했다. 월평균 이용 시간도 251분으로 38.7% 늘어났다.하이브는 대표 그룹인 BTS가 멤버들의 군 복무 분제로 지난해부터 그룹 활동을 중단하면서 실적에 타격을 받을 것이라는 우려가 있었으나 이를 말끔히 씻어낸 셈이 됐다. BTS는 지난해 12월 진이 입대한 데 이어, 지난달에는 제이홉도 입대했다.박지원 하이브 CEO(최고경영자)는 이날 오전 진행된 1분기 실적 발표 콘퍼런스콜에서 ""방탄소년단 멤버들의 다양한 활동으로 팬들과의 접점이 늘었고, 솔로 활동을 통해 입대의 공백이 느껴지지 않도록 최선을 다할 예정""이라고 말했다.paq@heraldcorp.com",http://news.heraldcorp.com/view.php?ud=20230502000408,"하이브,매출,그룹,입대,활동"
"우리 패션 플랫폼, 해외 시장 접수 한다","경쟁 심화·레드오션 국내 시장만으로는 성장 한계 K팝·드라마 열풍에 패션도 열광…일본·미국 등 집중 공략지난달 7일부터 16일까지 일본 도쿄 하라주쿠에서 열린 무신사 도쿄 팝업스토어에서 방문객들이 입장 등록을 위해 대기하고 있다.ⓒ무신사패션 플랫폼들이 국내 시장을 넘어 해외 영토 확장에 적극적으로 나서고 있다.대부분 적자 기업으로 수익성 개선이 중요해진 만큼 K팝, K-드라마 등 한류 열풍을 등에 업고 해외 시장을 공략해 성장과 수익성 개선이라는 두 마리 토끼를 잡겠다는 전략이다.3일 업계에 따르면 무신사는 미국, 싱가포르, 일본, 태국에 집중하며 글로벌 시장 공략에 박차를 가하고 있다.특히 일본의 경우 지역적 특성과 문화적인 밀접도로 인해 이미 수요층이 존재하는 시장이라고 판단하고 국내외 앰버서더인 뉴진스를 앞세워 시장 공략에 속도를 내고 있다.지난달 7일부터 16일까지 일본 도쿄 하라주쿠에서 오프라인 팝업스토어를 열어 국내 대표 패션 브랜드를 소개했는데 사흘 만에 1만명 이상이 방문할 정도로 뜨거운 관심을 받았다.무신사는 올해 각국의 타깃과 특성에 맞춘 현지화된 마케팅 활동을 지속할 예정이다.무신사 관계자는 “아직 오프라인에서 제품을 확인하고 구매하는 것을 선호하는 경향이 크다는 점에서 현지에서의 오프라인 마케팅도 활성할 계획”이라며 “뉴진스와 함께 K패션을 알리고 브랜드 인지도를 높이기 위한 마케팅 활동을 활발히 전개할 계획”이라고 설명했다.에이블리코퍼레이션이 운영하는 에이블리도 첫 번째 글로벌 진출국인 일본 시장에 집중하고 있다.지난 2020년 일본 1835 여성을 타깃으로 한 쇼핑 플랫폼 ‘아무드(구. 파스텔)’를 오픈해 자체 개발한 인공지능(AI) 추천 기술과 현지에서 쌓은 빅데이터의 시너지를 통해 실적을 내고 있다.실제로 월간 활성 사용자 수(MAU) 90만명을 돌파하고 한국 플랫폼으로는 유일하게 패션 앱 다운로드 순위 톱5위에 오르며 입지를 강화하고 있다.에이블리는 현재 일본의 이커머스·모바일 시장의 발전 가능성이 큰 만큼 모바일 시장 공략을 가속화하고 아시아, 북미 등 다수 국가로 판로를 넓혀 글로벌 사업 확장에 더욱 집중한다는 계획이다.에이블리 관계자는 “글로벌 서비스에도 새로운 비즈니스 모델을 적용할 것”이라며 “글로벌 수익 모델을 통해 거래액 및 매출과 수익 성장세를 가속화하며 최고 실적을 달성할 것으로 기대된다”고 강조했다.카카오스타일이 운영하는 지그재그 역시 지난해 7월 북미(미국, 캐나다)와 일본에 ‘지그재그 글로벌’을 출시해 시범 운영 중이다.특히 올해는 일본을 타깃 핵심 국가로 정하고 현지 공략 전략을 세우고 있다.지그재그는 국내 패션·뷰티 브랜드 등을 해외에 알려 K스타일을 주도하는 글로벌 스타일 커머스 플랫폼으로 도약하겠다는 각오다.지그재그 관계자는 “지그재그 글로벌을 통해 현지 시장에서 테스트하는 단계”라며 “마케팅 등 본격적인 정식 출시 시기는 아직 정해지지 않았다”고 전했다.패션 플랫폼 업계가 해외 시장 확장에 공을 들이는 것은 레드오션화한 국내 시장 만으로는 성장에 한계가 있기 때문이다.현재 무신사를 제외하고 에이블리, 지그재그 등 다른 플랫폼은 적자 상태다. 에이블리 운영하는 에이블리코퍼레이션은 지난해 영업손실 744억원, 순손실 790억원을 기록했다.",https://www.dailian.co.kr/news/view/1229518/?sc=Naver,"시장,일본,글로벌,패션,공략"
"신한證 ""하이브, BTS 없이도 잘나간다…목표가 33만원""","하이브 사옥 /뉴스1 © News1 조태형 기자신한투자증권(008670)은 3일 하이브(352820) 목표가를 기존 26만5000원에서 33만원으로 상향하고 매수의견을 유지했다. 전날 하이브는 28만4500원에 장을 마감했다.지인혜 신한투자증권 연구위원은 ""하이브는 1분기 뉴진스, TXT에 더해 부석순(세븐틴 유닛) 및 BTS 지민 솔로 활동으로 분기 최대 앨범판매량 911만장을 기록했다""며 ""엔터주 손익에 가장 큰 영향을 주는 앨범 IP성과가 호실적을 이끌었다""고 말했다.하이브의 1분기 매출은 4106억원, 영업이익은 525억원으로 각각 전년 대비 44%, 42% 급증했다. 1분기 기준 최대 실적이다. 영업이익은 컨센서스 467억원을 대폭 상회했다.지 연구위원은 ""이밖에 전세계 BTS 부산 공연 관련 영화 방영, 투어 등으로 콘텐츠 및 MD 라이선스인 간접참여형 매출도 이익에 기여했다""며 ""BTS 단체 매출 없이도 올해 증익의 가능성을 높여주는 첫 분기 실적이었다""고 평가했다.2분기 역시 성장 모멘텀을 이어갈 것으로 전망된다. 이미 2분기에 앨범만 BTS 슈가 107만, 르세라핌 148만, 그리고 BTS의 단체 흥행기록을 넘어선 세븐틴 455만장이 판매됐다. 지 연구위원은 ""엔하이픈 컴백 및 구보까지 합치면 2분기 또 ‘레코드 하이’를 기록할 것이다. 5월 KOZ 레이블의 신규 보이그룹도 데뷔한다""고 말했다.그는 ""하반기는 뉴진스 컴백, 위버스의 유료화 및 서비스 고도화, 가장 강력한 기대감인 미국 걸그룹 런칭이 예고돼있다""며 ""위버스에 부여할 수 있는 플랫폼 가치는 기존 제시했던 3조원보다 훨씬 높아보인다""고 전망했다.zero@news1.kr",https://www.news1.kr/articles/5034805,"하이브,위원,앨범,기록,매출"
"아이브·세븐틴, 17주차 써클차트 3관왕…슈가·피프티피프티·지수 부문별 최상위","올해 4월말 K팝 차트들은 아이브와 세븐틴을 정점으로 펼쳐진 것으로 확인됐다.4일 사단법인 한국음악콘텐츠협회 측은 17주차(4월23~29일) 써클차트 부문별 결과를 공개했다.공개된 바에 따르면 17주차 써클차트는 아이브와 세븐틴의 다관왕 기록과 함께, 방탄소년단 슈가·지민, 피프티피프티, 태양, 뉴진스, 스테이씨, 임영웅, 우즈(조승연), 엑스디너리 히어로즈 등이 부문별 최상위를 장식했다.우선 아이브는 첫 정규앨범 'I`ve IVE' 타이틀곡 'I AM’ 로 글로벌K-팝·디지털·스트리밍 등 3개 부문에서 1위를 차지했다.기존과는 다른 성숙세련감의 당당함을 강조한 신곡의 매력과 함께, 지난달 말 앨범발표 이후 1달간의 활동에서 비롯된 누적성과들이 새로운 유입요인이 되면서 부문별 2주연속 기록은 물론 선공개곡 'Kitsch'의 인기(글로벌 K-팝 5위, 디지털 2위)를 이끌었다.세븐틴은 336만524장으로 집계된 피지컬과 40만장 육박의 위버스앨범, 14만장 규모의 KiT앨범 등 미니10집 'FML'로 앨범·리테일 앨범차트를 석권한데 이어, 타이틀곡 '손오공'으로 다운로드 1위를 차지하며 3관왕을 기록했다.글로벌 아티스트로서의 인기기반과 함께, 9개월만의 컴백이라는 화제성, 데뷔 첫 더블 타이틀곡을 비롯한 유닛트랙 구성의 앨범으로 비쳐지는 세븐틴 고유의 다채로움 등이 글로벌 팬들을 대거 자극한 것으로 보인다.이러한 정상주자들의 롱런히트와 함께 글로벌 K-팝, 디지털, 앨범 차트는 최근 대세들의 다채로운 기록들로 채워졌다. 우선 글로벌 K-팝차트는 롱런히트중인 뉴진스(OMG 6위, Ditto 8위, Hype boy 10위)와 '중소돌의 기적' 피프티피프티(Cupid 2위)를 기준으로 블랙핑크 지수 '꽃'(3위), 세븐틴 '손오공'(4위), Agust D '해금'(7위), 방탄소년단 지민 'Like Crazy'(9위) 등의 기록이 형성됐다.또 국내 중심의 디지털 종합차트는 아이브 외에 블랙핑크 지수 '꽃' (3위), 스테이씨 'Teddy Bear'(7위), 임영웅 'London Boy'(10위) 등과 함께 세븐틴(손오공 4위, F*ck My Life 9위), 뉴진스(Ditto 5위, Hype boy 6위, OMG 8위)가 대거 최상위를 장식하는 모습을 보였다.앨범부문은 세븐틴의 최상위 줄세우기 격 행보와 함께, Agust D로 나선 슈가의 솔로앨범 D-DAY(15만5124장, 3위), 아이브 첫 정규 'I've IVE'(13만3112장), 이펙스(EPEX) 다섯 번째 EP '사랑의 서 챕터 2. `성장통`'(10만9046장), 스트레이 키즈 'MAXIDENT'(10만5942장), 엑스디너리 히어로즈 Deadlock(9만3891장), 우즈 'OO-LI'(6만6830장), 태양 'Down to Earth'(6만2500장) 등의 앨범들이 사랑받았다.한편 써클차트(CIRCLE CHART)는 2010년부터 10년이상 운영해 온 '가온차트'를 기반으로 디지털기술과 글로벌 데이터를 공식적으로 연계한 K팝계 글로벌 공인차트다.전자신문인터넷 박동선 기자 (dspark@etnews.com)",https://www.etnews.com/20230504000109,"앨범,차트,글로벌,세븐,아이브"
뉴진스 혜인 ‘청순하게’ [MK포토],"사진=천정환 기자루이비통 2023년 프리폴(Prefall) 컬렉션 최초 공개 기념 포토 행사가 29일 오후 서울 한강 잠수교에서 열렸다.이번 행사는 2023-2024년 한국 방문의 해를 맞아 해외 관광객과 서울 시민이 함께 길 수 있는 모두의 문화 행사로 진행된다.뉴진스 혜인이 포토타임을 갖고 있다.이날 행사에는 브랜드의 앰버서더인 뉴진스 혜인, 태연, 배두나가 참석해 자리를 빛냈다.또한 르세라핌 사쿠라, 김채원, 허윤진, 카즈하, 홍은채, 세븐틴 민규, 박형식, 노윤서, 임시완, 박지후, 이솜, 전여빈, 김서형, 장미희, 고아성, 천우희, 김윤아, 고현정, 위하준, 이성경, 한효주, 정려원, 선미, 화사, 스트레이키즈 필릭스, 있지 예지, 김나영, 기은세, 모델 아이린 등이 참석했다.잠수교(서울)=천정환 MK스포츠 기자[ⓒ MK스포츠, 무단전재 및 재배포 금지]",https://www.mk.co.kr/article/10724948,"행사,서울,정환,기자,포토"
"뉴진스 다니엘, '인어공주' 에리얼 더빙? | 더블유 코리아 (W Korea)","본 브라우저는 공유 기능을 지원하지 않으므로주소를 복사하였습니다.실루엣만 봐도 알 것 같은 느낌적인 느낌디즈니 신작 ‘인어공주’의 한국어 더빙 배우들이 공개된 가운데 주인공 에리얼 역에 뉴진스 다니엘이 참여한 게 아니냐는 추측이 나오고 있다.디즈니 코리아는 공식 SNS를 통해 ‘인어공주’ 한국판의 세바스찬과 울슐라에 뮤지컬 배우 정상훈과 정영주가 낙점됐다고 공지했다. 더불어 한국의 에리얼 정체를 유추해 달라며 이벤트 경품을 내걸고 힌트로 실루엣을 공개했다. 해당 실루엣은 누가 봐도 뉴진스 ‘hype boy’ 속 다니엘.더불어 인어공주 에리얼 역을 맡은 할리 베일리의 ‘Part of Your World’ 음원이 최근 공개되며 화제를 모으고 있는 가운데, 한국 에리얼 역의 목소리로 새롭게 탄생할 ‘Part of Your World’ 한국어 버전 음원이 새로운 OST 신드롬을 일으킬 수 있을지도 주목되고 있다.팬들은 이미 에리얼의 정체를 눈치챘지만 디즈니 코리아 측은 “공식적으로 확인해드리기 어렵다”고 밝혔다.",https://www.wkorea.com/2023/05/03/%eb%89%b4%ec%a7%84%ec%8a%a4-%eb%8b%a4%eb%8b%88%ec%97%98-%ec%9d%b8%ec%96%b4%ea%b3%b5%ec%a3%bc-%ec%97%90%eb%a6%ac%ec%96%bc-%eb%8d%94%eb%b9%99/?utm_source=naver&utm_medium=partnership,"에리얼,실루엣,디즈니,인어공주,공개"
K팝 역사 쓰다…뉴진스 ‘디토’ 스포티파이 3억번 재생,"뉴진스 [어도어 제공][헤럴드경제=문영규 기자] 케이팝(K-pop) 걸그룹 뉴진스의 ‘디토(Ditto)’가 세계 최대 음원 플랫폼 스포티파이에서 스트리밍 횟수 3억 건을 돌파했다.26일 스포티파이에 따르면 ‘디토’는 지난 24일(현지 시간) 기준 3억123만2001회 재생된 것으로 집계됐다. 지난해 12월 19일 음원 공개 이후 126일 만이다.이로써 뉴진스는 4세대 케이팝 걸그룹 최초로 스포티파이에서 3억 스트리밍 곡을 보유하게 됐다. 스포티파이에 공개된 뉴진스의 모든 노래는 누적 스트리밍 횟수가 13억 건을 돌파했다.[연합]‘디토’는 발매 후 미국 빌보드 메인 싱글 차트 ‘핫 100’과 영국 오피셜 싱글 차트 ‘톱 100’에 모두 진입하기도 했다. 미국 빌보드 차트에선 5주동안 머물렀고 최고 82위까지 올랐다. 영국 차트에선 2주연속 머무는 동안 최고 순위 95위를 기록했다. 국내 최대 음원 플랫폼 멜론에서는 사상 최장기간인 99일간 1위를 지켰다뉴진스는 민지, 하니, 다니엘, 해린, 혜인으로 구성됐으며 이 곡은 싱글 앨범 ‘OMG’의 수록곡으로 버니즈(공식 팬클럽명)와 맞는 첫 겨울을 위해 준비한 곡이다.ygmoon@heraldcorp.com",http://news.heraldcorp.com/view.php?ud=20230426000227,"뉴진스,스포티파이,차트,디토,음원"
"[컨콜] 박지원 하이브 대표 ""BTS 공백기 최소화...뉴진스 3분기 컴백""","방시혁 하이브 이사회 의장과 박지원 하이브 최고경영자(CEO) /캐리커쳐=디미닛박지원 하이브 대표는 2일 진행된 1분기 실적발표 콘퍼런스콜에서 ""지난 3월 지민의 솔로앨범 페이스가 발매, 초동 판매 145만장을 기록했다""라며 ""지난 4월21일 발매된 슈가의 솔로앨범은 발매 당일 107만장 판매라는 놀라운 기록을 세웠다. 월드투어도 오픈과 동시에 전석매진됐다""고 말했다.이어 ""방탄소년단(BTS) 멤버들의 다양한 활동으로 팬들과의 접점이 늘어났으며, 나머지 멤버들의 솔로활동을 통해 방탄소년단의 입대로 인한 공백기가 느껴지지 않도록 최선을 다할 예정""이라고 강조했다.박 대표는 ""자넌 1월 발표한 뉴진스의 OMG는 1분기 130만장이 넘는 판매량을 기록했다""라며 ""데뷔 앨범이 100만장 이상 팔린 것은 2011년 서클차트 집계 이후 최초의 기록""이라고 말했다. 이어 ""뉴진스는 오는 3분기에 컴백할 예정""이라고 덧붙였다.이영아 기자 twenty_ah@techm.kr",https://www.techm.kr/news/articleView.html?idxno=109668,"기록,하이브,솔로,앨범,발매"
잠수교 통째를 런웨이로… 루이비통 첫 패션쇼 개최,,https://biz.chosun.com/distribution/living/2023/04/30/7MWKLI7I4JBIHMBYPXZSH5N2RU/?utm_source=naver&utm_medium=original&utm_campaign=biz,
"전도연, 파격 노출로 시선 올킬..뉴진스도 울고 갈 '50대의 히메컷' [화보]",[OSEN=박소영 기자] 배우 전도연이 독보적인 아우라를 뿜어냈다.최근 공개된 패션 매거진 코스모폴리탄 화보에서 전도연은 대담하고 매혹적인 비주얼을 뽐냈다. 감각적이면서도 여성스러운 패션부터 무심한 듯 스타일리시한 올 블랙 스타일링까지 모두 소화하며 다채로운 매력을 과시했다.특히 파격 노출도 불사해 시선을 끈다. 전도연은 오프숄더 원피스로 매혹적인 자태를 자랑하는가 하면 매끈한 팔 라인으로 보는 이들을 매료시켰다. 20대 여배우 못지않은 히메컷 소화력도 인상적이다.한편 전도연은 최근 드라마 ‘일타스캔들’과 넷플릭스 ‘길복순’을 연달아 흥행시키며 큰 사랑을 받았다./comet568@osen.co.kr[사진] 코스모폴리탄,http://www.osen.co.kr/article/G1112096725,"전도연,최근,패션,코스모,폴리"
"유통업계, 스트리밍 부르는 ‘플리(플레이리스트) 마케팅’ 열전","최근 유통업계에서 음악을 활용한 마케팅을 선보여 이목을 끌고 있다.이는 특정 분위기나 콘셉트에 맞는 곡을 모아놓은 플레이리스트를 다양한 상황에 적극 활용하는 MZ세대의 취향을 반영한 것이다. 실제 국내 음원 스트리밍 서비스를 사용하는 이용자들은 플레이리스트 단위로 음악을 듣는 비중이 더 많은 것으로 나타나고 있다. 파티나 모임 등에 적절한 플레이리스트는 물론 인기 드라마 등 다양한 사회문화적 트렌드를 반영한 플레이리스트들이 인기를 얻는 추세다.유통업계에서는 이러한 MZ세대의 취향을 반영해 플레이리스트에 넣기 좋은 노래를 발표하며 소비자들에게 더욱 친근하게 다가가는 ‘플리 마케팅’을 펼치고 있다. 기존에 잘 알려진 CM송을 트렌디하게 재해석한 곡부터 오감을 힐링해주는 노래까지 다양한 음원들이 소비자들의 귀를 자극하고 있다.코카-콜라는 글로벌 엠베서더 ‘뉴진스(NewJeans)’와의 컬래버레이션을 통해 친숙함에 힙함을 더한 신곡 ‘Zero’를 공개했다. 이번에 공개된 ‘Zero’는 뉴진스와 글로벌 뮤직 플랫폼인 ‘코-크 스튜디오(Coke Studio)’와의 협업 프로젝트이다. ‘코카-콜라 맛있다~’라는 가사와 많은 이들에게 익숙한 구전 멜로디로 알려진 일명 ‘코카-콜라 송’에 트렌디한 비트와 뉴진스만의 독보적 음색을 더해 한층 색다른 감성을 전하고 있다.음원과 함께 뉴진스 공식 유튜브 채널을 통해 뮤직비디오도 동시 공개했다. 뮤직비디오는 다른 세계에 살던 소녀들이 마법같이 만나 코카-콜라 제로와 함께 즐거운 추억을 쌓는 이야기를 담고 있다. 해당 영상은 공개 18시간 만에 조회 수 420만을 돌파하며 ‘유튜브 인기 급상승 동영상’ 1위에 올랐으며, 현재 1,400만 뷰수를 돌파하는 등 다양한 플레이리스트에 추가하기 좋은 곡이라는 평을 받고 있다. 또한 많은 팬들이 중독성 있는 노래와 댄스 커버 영상을 자발적으로 만들어 내며 구전 멜로디가 Z세대들에게 새로운 공감을 이끌어 내고 있다.간식 구매 시 흘러나와 소비자의 구매 경험을 더욱 즐겁게 만들어주는 브랜드 송을 공개한 기업도 있다.GFFG가 ‘노티드 월드’ 오픈을 기념해 악뮤(AKMU) 이수현과 협업한 ‘노티드 월드(Knotted World)’와 ‘해피 노티드(Happy Knotted)’ 2개의 브랜드 음원을 공개했다. 대표곡인 ‘노티드 월드(Knotted World)’는 “Knotted will make you happy”(노티드 한 입이면 행복해 질거야), “Knotted will make you smile”(먹어 봐! 너도 웃게 될 걸?)와 같은 귀여운 문구로 달콤한 도넛을 한입 베어 물었을 때 느낄 수 있는 행복감을 표현했다. ‘해피 노티드(Happy Knotted)’는 한번 들으면 계속 흥얼거리게 되는 중독성 있는 멜로디가 특징이다.이마트가 창립 30주년을 맞아 윤하, 적재, 예결밴드, 베하필하모닉와 협업해 ‘이마트송’을 선보였다. 이마트송은 2000∼2007년 이마트 매장에서 들을 수 있었던 추억의 음원이다. 경쾌한 멜로디와 함께 ‘난나 난나 난나’, ‘해삐(happy) 해삐 해삐’가 반복되는 중독성 강한 가사가 특징이다. 협업 버전은 각 아티스트의 특색을 살려 모던록, 재즈, 퓨전국악, 오케스트라 등 네 가지 버전으로 편곡해 원곡과는 색다른 매력을 선보였다.제품의 향긋함과 상쾌함에 노래를 더해 힐링을 극대화한 브랜드 송도 주목을 받고 있다.신세계인터내셔널의 헤어케어 브랜드 저스트 에즈 아이엠은 브랜드 전속 모델인 가수 ‘비비(BIBI)’와 함께 음원 ‘안녕하세오 샴푸애요(I AM…)’를 공식 발매했다. ‘안녕하세오 샴푸애요(I AM…)’라는 음원 타이틀에서는 아이엠 특유의 언어 유희가 느껴진다. 아이엠은 ‘아이엠샴푸(나는 샴푸)’, ‘뛰는 샴푸 위에 나는 샴푸’ 등 재치 있는 언어 유희를 통해 재미와 차별화를 꾀했다. 이번 음원은 비비가 직접 작사·작곡에 참여했고 샴푸가 되어 사랑하는 사람을 향기롭고 빛나게 해준다는 내용을 은유적으로 담았다.두피케어 브랜드 닥터포헤어는 실내 마스크 착용 의무 해제를 기념해 뮤지션 xxbank와 함께한 프로젝트 음원 ‘스위트 리벤지(Sweet Revenge)’를 선보였다. 이번 음원은 코로나 팬데믹 장기화로 멈췄던 지난 3년 간의 일상에 달콤한 복수를 보낸다는 의미를 담았다. ‘Sweet Revenge’는 힘들고 답답했던 기억들을 뒤로한 채 잃어버린 시간만큼 앞으로 더 많이 웃고 사랑하자는 응원의 메시지를 국민들에게 보낸다.브랜드의 이미지를 전달할 수 있는 아티스트와 콜라보 해 힙합을 한층 더한 기업들도 눈에 띈다.LA 프리미엄 스트릿 라이프스타일 브랜드 수프라(SUPRA)가 3인조 힙합 그룹 ‘호미들’과 함께한 스니커즈 신제품 ‘VAIDER X’의 23년 SS 시즌 비주얼 화보와 콜라보 음원을 공개했다. 콜라보 음원 ‘It’s a SUPRA’는 솔직하고 꾸밈없는 호미들만의 음악스타일에 수프라(SUPRA)의 스트릿한 감성이 감각적으로 어우러졌다는 평이다.뉴욕 베이스의 패션브랜드 NAYON은 2023 뉴욕 컬렉션을 앞두고 평소 패셔니스타로 주목받아온 아티스트 림킴(김예림)과 함께 협업한 음원 “Damn Cold”를 발표했다. ‘살키(SAL-KI)’부터 ‘옐로우(YELLOW)’, ‘폴링(FALLING)’을 거쳐 ‘베일(VEIL)’까지 다양한 모습으로 자신의 이야기와 비주얼을 풀어낸 아티스트 림킴(김예림)은 이번 콜라보레이션 작업에서는 일렉트로팝으로 그녀의 매력적인 보이스를 보여준다.김현주 기자 hjk@segye.com[ⓒ 세계일보 & Segye.com, 무단전재 및 재배포 금지]",http://www.segye.com/content/html/2023/05/04/20230504503721.html?OutUrl=naver,"음원,브랜드,공개,샴푸,플레이"
"BTS 군대 보냈지만… 하이브, 1분기 최대실적","하이브가 그룹 방탄소년단(BTS)의 군 복무에 따른 팀 활동 휴식에도 멤버들의 솔로 활동 호조 등에 힘입어 올해 1분기 실적이 해당 분기 기준 역대 최고치를 달성했다. 연합뉴스[ 저작권자 ⓒ디지털타임스, 무단 전재 및 재배포 금지 ]하이브(HYBE)가 지난 1분기 기준 최대 실적을 경신했다. 방탄소년단(BTS)의 군 복무에 따라 팀 활동을 쉬고 있다. 솔로 음반을 낸 BTS 멤버 지민과 뉴진스, 세븐틴 등 다른 아티스트들이 음반이 900만장 이상 팔린 덕이다.좋은 실적이 나오면서 2일 하이브의 주가는 전거래일 대비 5.37% 오른 28만4500원에 장을 마쳤다.하이브는 2일 컨퍼런스콜에서 1분기 연결 기준 4106억원의 매출액에 525억원의 영업이익을 기록했다고 밝혔다. 매출액은 전년 동기대비 44.1%, 영업이익은 41.7% 늘어났다.실질적인 현금창출력을 나타내는 조정 EBITDA는 전년 동기보다 12.1% 늘어난 719억원으로 집계됐다. 매출액과 영업이익, 조정 EBITDA 모두 1분기 기준 역대 최대치다.최대 IP(지식재산권)인 그룹 방탄소년단(BTS)의 군 복무에 따른 팀 활동 휴식에도 멤버들의 솔로 활동은 이어졌다.3월 발매된 방탄소년단(BTS) 멤버 지민의 솔로음반은 초동 판매량 145만장을 기록했다. 지민 솔로 음반의 타이틀곡인 '라이크 크레이지(Like Crazy)'는 빌보드 핫100 차트 1위, 음반은 빌보드 200 차트 2위에 각각 등극하며 K팝 솔로 음반 역사상 최고의 성과를 기록했다.1월 발매한 뉴진스의 싱글음반 'OMG'는 1분기 130만장 이상의 판매량을 기록했다. 세븐틴은 1분기에 구보 음반만 127만장을 판매했다. 이윤희기자",http://www.dt.co.kr/contents.html?article_no=2023050302101663066001&ref=naver,"음반,솔로,활동,하이브,방탄소년단"
